id	nloci	ann	ERS185082	ERS185252	ERS185068	ERS185036	ERS185470	ERS185473	ERS185400	ERS185403	ERS185125	ERS185102
1	0	gene|gene::RNU4ATAC,CLASP1,CLASP1,CLASP1,CLASP1	271	164	408	69	38	46	53	35	78	36
2	0	ncrna gene|ncrna::HBII-296B;gene::TSR1,SNORD91B	75	94	96	19	12	6	10	0	0	89
3	0	gene ncrna piRNA|gene::SNORD91A,TSR1;piRNA::piR-hsa-23821,piR-hsa-23822,piR-hsa-23823;ncrna::HBII-296A	169	176	127	27	20	14	27	9	18	129
4	0	ncrna gene|ncrna::ACA47;gene::SCARNA16,SNHG20,SEC14L1,SEC14L1	103	92	40	77	23	12	8	7	6	82
5	0	gene miRNA|gene::CLCN5,CLCN5,MIR532,CLCN5;miRNA::hsa-miR-532-5p,hsa-miR-532-3p	1372	782	992	542	306	371	166	334	348	481
6	0	ncrna gene|ncrna::mgh28S-2409;gene::SNORD5,TAF1D,TAF1D	898	1520	1913	169	129	79	174	116	82	224
7	0	ncrna gene|ncrna::ACA52;gene::SNORA52,RPLP2	147	54	113	53	20	10	7	0	11	165
8	0	gene|gene::SNORD136,GNL3,GNL3,GNL3	1485	184	392	615	141	73	565	71	123	210
9	0	gene|gene::TNPO2,SNORD135,TNPO2,TNPO2	782	150	388	270	62	116	96	117	65	223
10	0	ncrna gene|ncrna::U27;gene::SNORD27,SNHG1,SNHG1,SNHG1,SNHG1,SNHG1,SNHG1,SNHG1,SNHG1,SNHG1,SNHG1,SNHG1,SNHG1	848	834	1041	484	334	343	192	286	338	281
11	0	gene|gene::CCSER1	41	0	61	25	3	0	6	0	0	85
12	0	gene|gene::TASP1,TASP1,TASP1,TASP1,TASP1,TASP1,TASP1,TASP1;gene::GAPDH,GAPDH,GAPDH,GAPDH,GAPDH,GAPDH;gene::PPP5D1,PPP5D1;gene::PPP5D1,PPP5D1	55	3	37	23	0	0	3	3	0	134
13	0	gene miRNA|gene::MIR941-2,MIR941-1,MIR941-1,MIR941-4,MIR941-3,MIR941-5,DNAJC5;miRNA::hsa-miR-941,hsa-miR-941,hsa-miR-941;gene::MIR941-2,MIR941-2,MIR941-1,MIR941-4,MIR941-4,MIR941-3,MIR941-3,MIR941-5,MIR941-5,DNAJC5;miRNA::hsa-miR-941	2308	512	1422	542	779	987	724	992	1280	998
14	0	gene miRNA|gene::HNRNPK,HNRNPK,HNRNPK,HNRNPK,HNRNPK,HNRNPK,MIR7-1;miRNA::hsa-miR-7-5p,hsa-miR-7-1-3p	261	142	447	82	97	48	81	122	92	104
15	0	gene|gene::CNTNAP1	462	162	220	264	60	60	81	28	58	161
16	0	gene|gene::GNL3,GNL3,GNL3,SNORD19C	2946	680	1047	1370	269	180	867	116	171	595
17	0	ncrna gene|ncrna::U64;gene::RPS2,SNORA64	54	30	39	17	6	10	0	0	3	6
18	0	ncrna gene|ncrna::ACA16;gene::SNHG12,SNHG12,SNHG12,SNHG12,SNHG12,SNHG12,SNHG12,SNHG12,SNORA16A	10	11	70	3	0	0	0	0	0	3
19	0	ncrna gene|ncrna::ACA43;gene::SNHG7,SNHG7,SNHG7,SNORA17B	261	32	78	56	27	13	43	0	4	255
20	0	|	124	19	10	7	9	7	7	19	18	17
21	0	gene|gene::SMARCC1	2769	476	2909	1240	242	313	42	553	533	833
22	0	tRNA repeat piRNA|tRNA::tRNA-Cys-GCA-4-1;repeat::tRNA;piRNA::piR-hsa-28394,piR-hsa-28398,piR-hsa-28397,piR-hsa-28396	1453	513	3139	590	114	216	32	488	181	686
23	0	tRNA repeat piRNA|tRNA::tRNA-Ala-TGC-3-2;repeat::tRNA;piRNA::piR-hsa-28378,piR-hsa-11256,piR-hsa-28374	49	5	13	33	29	14	0	18	38	6
24	0	tRNA repeat piRNA|tRNA::tRNA-Ala-CGC-2-1;repeat::tRNA;piRNA::piR-hsa-11256,piR-hsa-28374,piR-hsa-28378;tRNA::tRNA-Ala-CGC-2-1;repeat::tRNA;piRNA::piR-hsa-11256,piR-hsa-28374,piR-hsa-28378	90	34	186	96	40	50	30	40	41	27
25	0	gene|gene::ELF4,ELF4	185	73	207	315	51	64	7	95	66	63
26	0	tRNA repeat piRNA|tRNA::tRNA-Ala-TGC-4-1;repeat::tRNA;piRNA::piR-hsa-28374,piR-hsa-28378	854	266	598	630	261	487	305	317	314	195
27	0	|	9	43	199	0	0	0	0	0	0	0
28	0	tRNA repeat piRNA|tRNA::tRNA-Cys-GCA-2-4;repeat::tRNA;piRNA::piR-hsa-28398,piR-hsa-28397,piR-hsa-28396,piR-hsa-28394	716	254	384	686	137	295	82	248	405	136
29	0	tRNA repeat piRNA|tRNA::tRNA-Cys-GCA-2-3;repeat::tRNA;piRNA::piR-hsa-28396,piR-hsa-28394,piR-hsa-28398,piR-hsa-28397	50	19	46	43	20	28	6	29	36	15
30	0	tRNA repeat piRNA|tRNA::tRNA-Ala-TGC-2-1;repeat::tRNA;piRNA::piR-hsa-28374,piR-hsa-28378;tRNA::tRNA-Ala-TGC-2-1;repeat::tRNA;piRNA::piR-hsa-28374,piR-hsa-28378	18	0	11	10	0	3	3	5	4	3
31	0	repeat|repeat::tRNA;repeat::tRNA;repeat::tRNA	12	3	7	21	3	4	0	7	3	0
32	0	tRNA gene repeat piRNA|tRNA::tRNA-Ala-AGC-3-1;gene::ZBED9;repeat::tRNA;piRNA::piR-hsa-28402,piR-hsa-28403,piR-hsa-28406,piR-hsa-28401,piR-hsa-28404,piR-hsa-28405,piR-hsa-28407,piR-hsa-28419,piR-hsa-28421;tRNA::tRNA-Ala-AGC-3-1;gene::ZBED9;repeat::tRNA;piRNA::piR-hsa-28402,piR-hsa-28403,piR-hsa-28406,piR-hsa-28401,piR-hsa-28404,piR-hsa-28405,piR-hsa-28407,piR-hsa-28419,piR-hsa-28421	10036	6386	20723	5419	1600	1850	256	3499	1927	4429
33	0	gene miRNA|gene::MIR33A,SREBF2,SREBF2;miRNA::hsa-miR-33a-3p,hsa-miR-33a-5p	33	133	137	16	18	10	0	11	24	27
34	0	gene|gene::NSMAF,NSMAF	661	286	102	272	397	363	254	295	777	192
35	0	gene miRNA|gene::MIR29A;miRNA::hsa-miR-29a-5p,hsa-miR-29a-3p	11398	9697	8033	5230	3426	2464	1256	3139	3144	2419
36	0	gene miRNA|gene::MIR29B1;miRNA::hsa-miR-29b-1-5p,hsa-miR-29b-3p	284	618	240	101	81	40	20	76	72	138
37	0	gene miRNA|gene::MIR29B2CHG,MIR29C,MIR29B2CHG;miRNA::hsa-miR-29c-5p,hsa-miR-29c-3p	436	1684	966	126	180	97	35	139	134	236
38	0	gene|gene::SNORD84,DDX39B,DDX39B,ATP6V1G2-DDX39B,DDX39B;gene::DDX39B,ATP6V1G2-DDX39B,DDX39B,SNORD84,DDX39B;gene::ATP6V1G2-DDX39B,DDX39B,DDX39B,SNORD84,DDX39B;ncrna::U84;piRNA::piR-hsa-1711,piR-hsa-1710;gene::SNORD84,DDX39B,DDX39B,DDX39B,ATP6V1G2-DDX39B;ncrna::U84;piRNA::piR-hsa-1711,piR-hsa-1710;gene::SNORD84,DDX39B,DDX39B,ATP6V1G2-DDX39B,DDX39B;ncrna::U84;piRNA::piR-hsa-1711,piR-hsa-1710;gene::DDX39B,DDX39B,SNORD84,DDX39B,ATP6V1G2-DDX39B;ncrna::U84;piRNA::piR-hsa-1711,piR-hsa-1710;gene::SNORD84,DDX39B,DDX39B,ATP6V1G2-DDX39B,DDX39B;ncrna::U84;piRNA::piR-hsa-1711,piR-hsa-1710	47	38	103	13	0	0	3	0	3	22
39	0	repeat miRNA gene|repeat::SINE;miRNA::hsa-miR-342-3p,hsa-miR-342-5p;gene::MIR342,EVL,EVL	3974	8145	9495	2555	1472	2312	1296	3456	2520	1288
40	0	gene miRNA|gene::MIR301B;miRNA::hsa-miR-301b	91	170	154	65	153	113	36	65	123	93
41	0	repeat gene|repeat::SINE;gene::GON4L,GON4L,GON4L	229	110	291	63	34	22	29	28	58	50
42	0	ncrna gene|ncrna::U32A;gene::SNORD32A,RPL13A,RPL13AP5,RPL13A,RPL13A	3	86	110	0	0	0	0	0	0	0
43	0	gene|gene::RUFY4	34	6	0	62	0	6	0	19	4	26
44	0	gene ncrna piRNA|gene::RPL27A,SNORA3A;piRNA::piR-hsa-1359;ncrna::ACA3	48	35	39	33	13	25	0	8	0	20
45	0	gene|gene::HIST1H4C	10	0	9	3	0	0	9	0	0	33
46	0	gene miRNA|gene::MIR130B;miRNA::hsa-miR-130b-3p,hsa-miR-130b-5p	5032	3010	4832	3176	2493	1146	813	1435	1581	1178
47	0	gene|gene::HIST1H2BB	40	3	30	3	0	0	20	0	0	18
48	0	gene|gene::HIST2H2AA3,HIST2H2AA4;gene::HIST2H2AA3,HIST2H2AA4	236	0	164	49	0	0	84	14	17	133
49	0	gene|gene::HIST1H2AM	13	0	18	3	0	3	0	0	0	6
50	0	gene|gene::HIST2H3PS2;gene::HIST2H2BF,HIST2H2BF	20	0	32	13	4	24	16	22	11	14
51	0	gene|gene::RPL7A;gene::SMOC1,SMOC1	18	0	0	0	0	0	0	0	0	37
52	0	gene|gene::DNMT1,DNMT1,DNMT1,DNMT1	170	3	60	114	9	4	159	0	12	15
53	0	gene|gene::RPPH1	56	4	3	163	0	86	0	0	0	6
54	0	ncrna gene|ncrna::mgU2-25/61,HBII-382;gene::SCARNA2	91	22	19	22	10	11	4	16	13	117
55	0	ncrna gene|ncrna::ACA3-2;gene::SNORA3B,RPL27A	235	47	66	100	36	11	55	20	7	233
56	0	ncrna gene|ncrna::U61;gene::RBMX,RBMX,RBMX,SNORD61,RBMX	152	269	251	48	31	14	24	27	11	101
57	0	repeat miRNA gene|repeat::LINE;miRNA::hsa-miR-576-3p,hsa-miR-576-5p;gene::SEC24B,SEC24B,SEC24B,SEC24B,SEC24B	205	89	197	86	49	42	56	67	41	32
58	0	gene miRNA|gene::MIR23B,C9orf3,C9orf3;miRNA::hsa-miR-23b-3p	145	355	489	211	101	140	73	86	77	79
59	0	gene miRNA|gene::MIR23A;miRNA::hsa-miR-23a-5p,hsa-miR-23a-3p	1281	2048	2730	976	905	1419	296	816	713	750
60	0	gene|gene::HLA-F,HLA-F,HLA-A,HLA-A;gene::HLA-A,HLA-A;gene::HLA-A,HLA-A;gene::HLA-A,HLA-A;gene::HLA-A,HLA-A;gene::HLA-A,HLA-A;gene::HLA-A,HLA-A;gene::HLA-A,HLA-A	6	0	3	12	0	0	3	0	0	26
61	0	repeat|repeat::LTR	1042	216	509	339	177	88	9	302	177	201
62	0	ncrna gene|ncrna::ACA45;gene::SNHG21,SNHG21,SNHG21,SCARNA15,FSD2,FSD2,FSD2	1328	1103	842	320	407	308	156	374	381	460
63	0	tRNA repeat|tRNA::tRNA-Ile-TAT-2-1;repeat::tRNA	39	33	88	113	25	16	0	33	41	32
64	0	tRNA repeat|tRNA::tRNA-Ile-TAT-2-3;repeat::tRNA	98	198	341	215	43	101	36	99	58	103
65	0	ncrna gene|ncrna::U73a;gene::SNORD73A,RPS3A,RPS3A	86	155	194	20	14	7	31	4	3	61
66	0	gene miRNA|gene::MIR550B1,MIR550A1,ZNRF2;miRNA::hsa-miR-550b-2-5p,hsa-miR-550a-3p;gene::MIR550B2,MIR550A2;miRNA::hsa-miR-550a-3p,hsa-miR-550b-2-5p;gene::MIR550A3,LOC646762;miRNA::hsa-miR-550a-3p	30	12	131	7	4	0	16	12	8	5
67	0	ncrna gene|ncrna::U18B;gene::RPL4,SNORD18B	2566	1196	1113	804	385	275	720	303	329	518
68	0	ncrna gene|ncrna::U18A;gene::RPL4,SNORD18A	1188	135	603	0	136	134	325	138	101	638
69	0	gene|gene::SPPL2B,SPPL2B	35	0	3	7	0	0	3	0	0	4
70	0	tRNA repeat|tRNA::tRNA-Thr-AGT-5-1;repeat::tRNA	196	329	202	159	38	119	6	79	143	18
71	0	tRNA repeat|tRNA::tRNA-Thr-AGT-1-3;repeat::tRNA	1301	1198	2183	349	270	315	275	358	329	407
72	0	tRNA repeat|tRNA::tRNA-Thr-TGT-1-1;repeat::tRNA	27	16	8	11	33	7	0	25	13	12
73	0	tRNA repeat gene|tRNA::tRNA-Thr-CGT-3-1;repeat::tRNA;gene::LINC00533;tRNA::tRNA-Thr-CGT-3-1;repeat::tRNA;gene::LINC00533	427	91	443	146	76	109	79	91	116	109
74	0	gene miRNA|gene::MIR641,AKT2,AKT2,AKT2;miRNA::hsa-miR-641	37	56	48	18	18	18	0	10	7	9
75	0	repeat miRNA gene|repeat::LINE,LINE;miRNA::hsa-miR-582-5p,hsa-miR-582-3p;gene::PDE4D,PDE4D,PDE4D,PDE4D,PDE4D,PDE4D,PDE4D,PDE4D,PDE4D,PDE4D	41	124	8	0	21	37	9	3	64	89
76	0	piRNA repeat gene|piRNA::piR-hsa-8479;repeat::snRNA;gene::C12orf57,C12orf57,C12orf57,C12orf57,C12orf57,C12orf57	51	47	59	6	3	6	3	14	29	30
77	0	tRNA repeat piRNA|tRNA::tRNA-Tyr-GTA-8-1;repeat::tRNA;piRNA::piR-hsa-4945,piR-hsa-4946,piR-hsa-28488	999	272	942	189	51	62	9	243	54	289
78	0	tRNA repeat piRNA|tRNA::tRNA-Tyr-GTA-5-1;repeat::tRNA;piRNA::piR-hsa-6840,piR-hsa-6839,piR-hsa-6841,piR-hsa-4947,piR-hsa-6842,piR-hsa-24143	13	82	57	7	8	5	14	0	3	9
79	0	gene|gene::LOC729732	1984	456	1055	293	181	130	27	418	242	502
80	0	tRNA repeat piRNA|tRNA::tRNA-Tyr-GTA-2-1;repeat::tRNA;piRNA::piR-hsa-6840,piR-hsa-6839,piR-hsa-6841,piR-hsa-4947,piR-hsa-6842,piR-hsa-24143,piR-hsa-7239,piR-hsa-23574	1000	281	398	404	364	166	99	565	265	372
81	0	ncrna gene|ncrna::HBII-95B;gene::SNORD11B,NOP58	615	385	666	87	112	100	63	124	57	92
82	0	ncrna gene|ncrna::U36B;gene::RPL7A,SNORD36B	1509	303	739	699	116	122	554	113	116	923
83	0	ncrna gene|ncrna::ACA7B;gene::SNORA7B,RPL32P3	13	113	106	4	17	0	0	0	0	14
84	0	gene|gene::TMSB4X;gene::CCSER1	52	0	79	28	0	0	7	7	3	117
85	0	gene miRNA|gene::MIR331;miRNA::hsa-miR-331-5p,hsa-miR-331-3p	416	1497	2283	109	93	124	64	112	79	135
86	0	repeat|repeat::tRNA	10	0	24	18	3	0	0	11	0	19
87	0	gene|gene::EEF2,MIR1268A	32	0	11	3	0	0	6	0	0	81
88	0	repeat miRNA gene|repeat::Simple_repeat;miRNA::hsa-miR-598-3p;gene::MIR598,XKR6	80	99	116	35	14	27	36	51	15	80
89	0	gene|gene::CTSH,CTSH	22	19	7	28	3	14	0	8	3	11
90	0	repeat miRNA gene|repeat::LTR;miRNA::hsa-miR-3681-5p;gene::MIR3681,MIR3681HG	22	45	0	183	246	154	3	19	189	187
91	0	gene miRNA|gene::CCDC186,CCDC186,CCDC186,CCDC186,MIR2110;miRNA::hsa-miR-2110	33	20	39	12	3	4	6	9	7	7
92	0	gene miRNA|gene::SEPT6,SEPT6,SEPT6,MIR766,SEPT6;miRNA::hsa-miR-766-3p,hsa-miR-766-5p	374	261	696	160	112	133	42	115	138	125
93	0	gene|gene::C6orf48,C6orf48,C6orf48,C6orf48,C6orf48,C6orf48,C6orf48,C6orf48,C6orf48,SNORD48;gene::C6orf48,C6orf48,C6orf48,C6orf48,C6orf48,C6orf48,C6orf48,SNORD48,C6orf48,C6orf48;gene::C6orf48,C6orf48,C6orf48,C6orf48,C6orf48,C6orf48,C6orf48,C6orf48,C6orf48,SNORD48;gene::C6orf48,C6orf48,C6orf48,C6orf48,C6orf48,C6orf48,C6orf48,C6orf48,C6orf48,SNORD48	2999	1285	2095	1271	772	515	879	441	689	1302
94	0	gene miRNA|gene::WWP2,WWP2,MIR140,WWP2,WWP2;miRNA::hsa-miR-140-5p,hsa-miR-140-3p	3855	3186	3934	1597	848	947	617	1099	1043	1024
95	0	gene|gene::IGHV1OR15-1,LOC102724760	123	0	52	0	0	0	0	0	0	0
96	0	gene|ncrna::U83;gene::DDX39B,DDX39B,SNORD117,DDX39B,ATP6V1G2-DDX39B;ncrna::U83;gene::SNORD117,DDX39B,DDX39B,ATP6V1G2-DDX39B,DDX39B;ncrna::U83;gene::DDX39B,DDX39B,DDX39B,ATP6V1G2-DDX39B,SNORD117;ncrna::U83;gene::DDX39B,SNORD117,DDX39B,DDX39B,ATP6V1G2-DDX39B;ncrna::U83;gene::SNORD117,DDX39B,ATP6V1G2-DDX39B,DDX39B,DDX39B;ncrna::U83;gene::DDX39B,ATP6V1G2-DDX39B,DDX39B,SNORD117,DDX39B;ncrna::U83;gene::SNORD117,DDX39B,DDX39B,ATP6V1G2-DDX39B,DDX39B;ncrna::U83;gene::SNORD117,DDX39B,DDX39B,ATP6V1G2-DDX39B,DDX39B	56	129	245	18	7	3	3	3	11	42
97	0	ncrna gene|ncrna::U35B;gene::RPS11,SNORD35B	16	9	20	6	3	3	0	0	0	17
98	0	gene ncrna piRNA|gene::SNORD107,PWARSN,SNHG14;piRNA::piR-hsa-28851;ncrna::HBII-436	11	20	20	3	0	0	3	0	0	12
99	0	gene miRNA|gene::MIR223;miRNA::hsa-miR-223-5p,hsa-miR-223-3p	354	230	311	42	29	36	260	87	9	20
100	0	gene miRNA|gene::MIR296;miRNA::hsa-miR-296-5p,hsa-miR-296-3p	68	82	135	30	25	19	8	11	9	16
101	0	gene miRNA|gene::MIR222;miRNA::hsa-miR-222-5p,hsa-miR-222-3p	1775	2116	3852	1071	293	616	1508	757	192	412
102	0	gene miRNA piRNA|gene::MIR17HG,MIR17HG,MIR18A;miRNA::hsa-miR-18a-5p,hsa-miR-18a-3p;piRNA::piR-hsa-29714,piR-hsa-29715,piR-hsa-29716	311	775	520	83	85	65	86	69	112	202
103	0	gene|gene::VTRNA1-2	49	6	3	4	0	0	0	0	0	10
104	0	ncrna gene|ncrna::U32A;gene::RPL13A,RPL13AP5,RPL13A,RPL13A,SNORD32A	1771	1403	2196	586	212	146	123	127	133	1416
105	0	gene miRNA|gene::DALRD3,MIR425;miRNA::hsa-miR-425-5p,hsa-miR-425-3p	4184	3279	3701	1688	2399	1419	818	1333	1242	1290
106	0	gene|gene::RPLP0,RPLP0;gene::LOC101929596	77	0	18	3	0	0	0	0	0	119
107	0	gene|gene::RALGAPA1P1,SNORA101B,RALGAPA1,RALGAPA1,RALGAPA1,RALGAPA1,RALGAPA1,RALGAPA1,RALGAPA1,RALGAPA1,RALGAPA1,RALGAPA1,RALGAPA1	32	16	56	14	0	0	3	0	0	12
108	0	gene|gene::DLGAP2,DLGAP2	2396	6286	6388	2522	1417	1600	797	634	1139	1748
109	0	ncrna gene|ncrna::U70;gene::RPL10,RPL10,RPL10,RPL10,RPL10,RPL10,SNORA70;ncrna::U70;gene::RPL10,RPL10,RPL10,RPL10,RPL10,RPL10,SNORA70;ncrna::U70;gene::RPL10,RPL10,RPL10,RPL10,RPL10,RPL10,SNORA70;ncrna::U70;gene::RPL10,RPL10,RPL10,RPL10,RPL10,RPL10,SNORA70;ncrna::U70B;gene::SNORA70B,USP34;ncrna::U70B;gene::SNORA70B,USP34	132	125	151	39	28	16	7	29	24	12
110	0	gene|gene::RNA45SN5,RNA45SN2,RNA45SN3,LOC100507412,RNA45SN1,RNA45SN4	28	18	13	13	10	3	0	0	0	57
111	0	gene|gene::RPL3,RPL3	18	0	7	6	0	0	0	0	0	24
112	0	gene|gene::ENO1,ENO1,ENO1	10	0	9	3	0	0	0	0	0	25
113	0	gene|gene::DOCK10,DOCK10,DOCK10	481	282	617	212	127	81	134	68	75	147
114	0	gene|gene::RPPH1	160	123	74	19	6	15	12	8	6	67
115	0	ncrna gene|ncrna::U74;gene::GAS5,GAS5,GAS5,GAS5,GAS5,GAS5,GAS5,GAS5,GAS5,GAS5,GAS5,GAS5,GAS5,GAS5,SNORD74,GAS5	3085	1457	1726	1545	700	667	716	750	732	988
116	0	gene ncrna piRNA|gene::SNORD103A,PUM1,PUM1,SNORD103B;piRNA::piR-hsa-17804;ncrna::U103B;gene::PUM1,PUM1,SNORD103B,SNORD103A;piRNA::piR-hsa-17804;ncrna::U103	112	307	490	7	13	24	15	21	5	22
117	0	gene miRNA|gene::MIR362,CLCN5,CLCN5,CLCN5;miRNA::hsa-miR-362-5p,hsa-miR-362-3p	85	92	100	79	37	48	22	29	26	41
118	0	|tRNA::tRNA-iMet-CAT-1-8;repeat::tRNA;piRNA::piR-hsa-23679,piR-hsa-23588,piR-hsa-1100,piR-hsa-12485,piR-hsa-27400,piR-hsa-28116,piR-hsa-27399,piR-hsa-13893,piR-hsa-27398;tRNA::tRNA-iMet-CAT-1-6;repeat::tRNA;piRNA::piR-hsa-23679,piR-hsa-23588,piR-hsa-1100,piR-hsa-12485,piR-hsa-27400,piR-hsa-28116,piR-hsa-27399,piR-hsa-13893,piR-hsa-27398;tRNA::tRNA-iMet-CAT-1-5;repeat::tRNA;piRNA::piR-hsa-27398,piR-hsa-23679,piR-hsa-23588,piR-hsa-1100,piR-hsa-12485,piR-hsa-27400,piR-hsa-28116,piR-hsa-27399,piR-hsa-13893;tRNA::tRNA-iMet-CAT-1-1;repeat::tRNA;piRNA::piR-hsa-13893,piR-hsa-28116,piR-hsa-27398,piR-hsa-27399,piR-hsa-27400,piR-hsa-12485,piR-hsa-1100,piR-hsa-23588,piR-hsa-23679;tRNA::tRNA-iMet-CAT-1-2;repeat::tRNA;piRNA::piR-hsa-13893,piR-hsa-28116,piR-hsa-27398,piR-hsa-27399,piR-hsa-27400,piR-hsa-12485,piR-hsa-1100,piR-hsa-23588,piR-hsa-23679;tRNA::tRNA-iMet-CAT-1-3;repeat::tRNA;piRNA::piR-hsa-13893,piR-hsa-27398,piR-hsa-23679,piR-hsa-23588,piR-hsa-1100,piR-hsa-12485,piR-hsa-27400,piR-hsa-28116,piR-hsa-27399;tRNA::tRNA-iMet-CAT-1-4;repeat::tRNA;piRNA::piR-hsa-23679,piR-hsa-23588,piR-hsa-1100,piR-hsa-12485,piR-hsa-27400,piR-hsa-28116,piR-hsa-27399,piR-hsa-13893,piR-hsa-27398;tRNA::tRNA-iMet-CAT-1-7;repeat::tRNA;piRNA::piR-hsa-23679,piR-hsa-23588,piR-hsa-1100,piR-hsa-12485,piR-hsa-27400,piR-hsa-28116,piR-hsa-27399,piR-hsa-13893,piR-hsa-27398	464	126	206	192	117	64	26	65	40	136
119	0	|	48	0	0	7	0	0	0	5	0	160
120	0	|	9	0	6	0	0	0	0	0	0	44
121	0	repeat|repeat::SINE	11	0	4	14	0	3	0	0	0	19
122	0	ncrna gene|ncrna::U59B;gene::SNORD59B,ATP5F1B	77	92	111	25	8	17	5	5	7	63
123	0	ncrna gene|ncrna::U59A;gene::SNORD59A,ATP5F1B	102	37	94	27	11	0	4	3	3	38
124	0	tRNA repeat|tRNA::tRNA-Glu-TTC-2-1;repeat::tRNA;tRNA::tRNA-Glu-TTC-2-2;repeat::tRNA	558	359	336	85	104	89	39	92	108	254
125	0	tRNA repeat|tRNA::tRNA-Glu-TTC-1-1;repeat::tRNA;tRNA::tRNA-Glu-TTC-1-2;repeat::tRNA	184	55	16	27	7	26	13	14	9	35
126	0	gene|gene::SDF4,SDF4	1121	238	256	504	124	333	409	333	416	173
127	0	gene miRNA|gene::MIR200CHG,MIR200C;miRNA::hsa-miR-200c-3p	96	90	233	44	18	34	35	28	29	46
128	0	gene|gene::IFT57	51	6	62	32	6	4	10	11	0	18
129	0	tRNA repeat|tRNA::tRNA-Val-TAC-3-1;repeat::tRNA	203	167	258	52	69	57	0	43	145	98
130	0	tRNA repeat|tRNA::tRNA-Val-CAC-3-1;repeat::tRNA	18	13	13	12	4	3	0	4	0	21
131	0	tRNA repeat|tRNA::tRNA-Val-TAC-1-2;repeat::tRNA	229	174	230	58	37	21	34	34	40	117
132	0	gene repeat piRNA|gene::LOC101927043,LOC101927043;repeat::tRNA;piRNA::piR-hsa-6147,piR-hsa-6143,piR-hsa-6146,piR-hsa-6144,piR-hsa-6148,piR-hsa-23656,piR-hsa-23330,piR-hsa-24683	113	15	97	13	7	4	15	5	3	12
133	0	tRNA repeat piRNA|tRNA::tRNA-Val-AAC-2-1;repeat::tRNA,SINE;piRNA::piR-hsa-23655,piR-hsa-28877,piR-hsa-28876	412	154	189	108	70	72	83	37	58	94
134	0	tRNA repeat piRNA|tRNA::tRNA-Val-CAC-1-4;repeat::tRNA;piRNA::piR-hsa-24683,piR-hsa-24684,piR-hsa-6144,piR-hsa-6148,piR-hsa-6145,piR-hsa-23330,piR-hsa-23656;tRNA::tRNA-Val-CAC-1-6;repeat::tRNA;piRNA::piR-hsa-24683,piR-hsa-24684,piR-hsa-6144,piR-hsa-6148,piR-hsa-6145,piR-hsa-23330,piR-hsa-23656;tRNA::tRNA-Val-CAC-1-5;repeat::tRNA;piRNA::piR-hsa-6145,piR-hsa-24684,piR-hsa-6144,piR-hsa-6148,piR-hsa-23656,piR-hsa-23330,piR-hsa-24683	6852	2159	4969	1894	1534	1163	778	2071	1675	3109
135	0	tRNA repeat|tRNA::tRNA-Val-TAC-2-1;repeat::tRNA	443	259	120	348	525	160	13	433	140	124
136	0	gene ncrna piRNA|gene::SNORD4A,RPL23A;piRNA::piR-hsa-2138;ncrna::mgh18S-121	477	630	837	110	104	23	78	36	28	383
137	0	ncrna gene|ncrna::HBI-6;gene::DANCR,SNORA26,DANCR,DANCR	65	128	189	11	20	27	11	3	15	5
138	0	ncrna gene|ncrna::U78;gene::SNORD78,GAS5,GAS5,GAS5,GAS5,GAS5,GAS5,GAS5,GAS5,GAS5,GAS5,GAS5,GAS5,GAS5,GAS5,GAS5	5147	1902	2743	2916	998	1249	1652	1234	1417	1073
139	0	gene ncrna piRNA|gene::TNPO2,TNPO2,SNORD41,TNPO2;piRNA::piR-hsa-28299,piR-hsa-18860;ncrna::U41	300	110	351	125	4	12	83	0	8	162
140	0	tRNA gene repeat piRNA|tRNA::tRNA-Asn-GTT-3-1;gene::NBPF25P;repeat::tRNA;piRNA::piR-hsa-28839,piR-hsa-28840,piR-hsa-29417,piR-hsa-29416,piR-hsa-22382,piR-hsa-22381,piR-hsa-23621;tRNA::tRNA-Asn-GTT-3-2;gene::NBPF25P;repeat::tRNA;piRNA::piR-hsa-28839,piR-hsa-28840,piR-hsa-29417,piR-hsa-29416,piR-hsa-22382,piR-hsa-22381,piR-hsa-23621	68	17	28	38	0	3	3	17	18	45
141	0	tRNA repeat piRNA|tRNA::tRNA-Asn-GTT-2-3;repeat::tRNA;piRNA::piR-hsa-28839,piR-hsa-28840,piR-hsa-29417,piR-hsa-29416,piR-hsa-22382,piR-hsa-22381,piR-hsa-23621;tRNA::tRNA-Asn-GTT-2-1;gene::NBPF26,NBPF19;repeat::tRNA;piRNA::piR-hsa-23621,piR-hsa-22381,piR-hsa-22382,piR-hsa-28839,piR-hsa-28840,piR-hsa-29416,piR-hsa-29417	351	179	153	319	251	223	70	124	118	123
142	0	tRNA repeat piRNA|tRNA::tRNA-Asn-GTT-2-5;repeat::Simple_repeat,tRNA;piRNA::piR-hsa-28839,piR-hsa-28840,piR-hsa-29417,piR-hsa-29416,piR-hsa-22382,piR-hsa-22381,piR-hsa-23621	46	29	30	15	6	3	0	0	6	20
143	0	tRNA repeat|tRNA::tRNA-Asn-GTT-5-1;repeat::tRNA	45	3	3	58	0	22	10	10	17	8
144	0	ncrna gene|ncrna::snR39B;gene::SNORD2,EIF4A2	885	952	1139	494	180	130	172	119	115	437
145	0	gene miRNA|gene::MIR33B,SREBF1,SREBF1,SREBF1;miRNA::hsa-miR-33b-5p,hsa-miR-33b-3p	66	66	71	24	16	27	8	14	18	12
146	0	gene|gene::CD74,CD74,CD74,CD74,CD74,CD74	11	0	8	13	0	0	0	0	0	38
147	0	gene|gene::HIST1H3J	7	0	15	24	9	0	3	3	3	6
148	0	tRNA|tRNA::tRNA-Gly-CCC-2-2	1285	464	828	697	530	239	76	990	231	340
149	0	|	1735	2897	2442	1308	1330	707	330	390	820	1236
150	0	|	246	777	547	125	141	176	102	63	133	232
151	0	gene ncrna piRNA|gene::SNORD20,NCL;piRNA::piR-hsa-17560;ncrna::U20	2941	783	1466	1070	399	306	917	397	237	1695
152	0	gene|gene::MYO1C,MYO1C,MYO1C,MYO1C	26	6	15	29	3	15	3	54	4	28
153	0	gene ncrna piRNA|gene::SNORA31,TPT1,TPT1,TPT1;piRNA::piR-hsa-24000;ncrna::ACA31	6795	152	343	217	125	309	726	39	487	3057
154	0	gene|gene::MIR877,ABCF1,ABCF1;gene::MIR877,ABCF1,ABCF1;gene::MIR877,ABCF1,ABCF1;gene::ABCF1,MIR877,ABCF1;gene::MIR877,ABCF1,ABCF1;gene::MIR877,ABCF1,ABCF1;miRNA::hsa-miR-877-5p;gene::MIR877,ABCF1,ABCF1;miRNA::hsa-miR-877-5p	108	88	136	128	28	43	31	55	33	140
155	0	tRNA gene repeat piRNA|tRNA::tRNA-Met-CAT-1-1;gene::TBC1D31;repeat::tRNA;piRNA::piR-hsa-23671,piR-hsa-32492,piR-hsa-23672,piR-hsa-23670	228	49	39	43	106	46	3	41	38	40
156	0	repeat|repeat::tRNA;repeat::tRNA;repeat::tRNA;repeat::tRNA;tRNA::tRNA-Met-CAT-3-2;repeat::tRNA;tRNA::tRNA-Met-CAT-3-1;repeat::tRNA;tRNA::tRNA-Met-CAT-3-1;repeat::tRNA;tRNA::tRNA-Met-CAT-3-1;repeat::tRNA;tRNA::tRNA-Met-CAT-3-1;repeat::tRNA;tRNA::tRNA-Met-CAT-3-1;repeat::tRNA;tRNA::tRNA-Met-CAT-3-1;repeat::tRNA	94	65	83	84	47	59	34	26	33	99
157	0	gene miRNA|gene::MIR301A,SKA2,SKA2,SKA2;miRNA::hsa-miR-301a-5p,hsa-miR-301a-3p	199	364	210	68	216	158	118	118	181	360
158	0	ncrna gene|ncrna::HBII-180C;gene::C19orf48,C19orf48,C19orf48,C19orf48,C19orf48,C19orf48,C19orf48,C19orf48,C19orf48,C19orf48,SNORD88C	187	144	180	51	16	6	44	19	6	115
159	0	ncrna gene|ncrna::HBII-180A;gene::C19orf48,C19orf48,C19orf48,C19orf48,C19orf48,C19orf48,C19orf48,C19orf48,C19orf48,C19orf48,SNORD88A	20	109	75	50	6	7	43	13	8	186
160	0	repeat gene|repeat::Simple_repeat;repeat::Simple_repeat;gene::MIR3648-1,MIR3648-2;repeat::Simple_repeat;gene::RNA45SN5,RNA45SN2,RNA45SN3,LOC100507412,RNA45SN1,RNA45SN4	16	62	9	3	0	0	0	0	0	32
161	0	ncrna repeat|ncrna::U13;repeat::snRNA	1064	855	736	324	363	419	91	183	370	445
162	0	repeat gene|repeat::snRNA;gene::SNORD13J,KIF9,KIF9,KIF9	99	10	35	6	3	9	0	7	10	3
163	0	ncrna gene|ncrna::HBII-135;gene::LRRC75A-AS1,LRRC75A-AS1,LRRC75A-AS1,LRRC75A-AS1,LRRC75A-AS1,LRRC75A-AS1,LRRC75A-AS1,LRRC75A-AS1,LRRC75A-AS1,LRRC75A-AS1,LRRC75A-AS1,LRRC75A-AS1,LRRC75A-AS1,LRRC75A-AS1,LRRC75A-AS1,LRRC75A-AS1,LRRC75A-AS1,LRRC75A-AS1,LRRC75A-AS1,SNORD65,LRRC75A-AS1,LRRC75A-AS1,LRRC75A-AS1,LRRC75A-AS1,LRRC75A-AS1,LRRC75A-AS1,LRRC75A-AS1,LRRC75A-AS1,LRRC75A-AS1,LRRC75A-AS1	269	172	71	138	172	149	126	413	142	101
164	0	gene miRNA|gene::MIR15B,SMC4,SMC4,SMC4,TRIM59-IFT80,TRIM59-IFT80,TRIM59-IFT80;miRNA::hsa-miR-15b-5p,hsa-miR-15b-3p	3340	3378	4810	1779	999	1271	1319	1205	1315	897
165	0	gene|gene::ACTB	34	0	6	26	3	0	3	0	0	154
166	0	repeat gene|repeat::snRNA;gene::RNU6-2;repeat::snRNA;gene::RNU6-2,KIF1B,KIF1B;repeat::snRNA;gene::LOC643711;repeat::snRNA;gene::RNU6-2;repeat::Simple_repeat,snRNA;gene::RNU6-2;repeat::snRNA;gene::RNU6-2;repeat::snRNA;gene::RNU6-2;repeat::LINE,snRNA;gene::HERC3,HERC3;repeat::LINE,snRNA;gene::RNU6-2;repeat::snRNA,SINE;gene::RNU6-2;repeat::snRNA;gene::RNU6-2,SOX2-OT,SOX2-OT,SOX2-OT;repeat::LINE,snRNA;gene::RNU6-2;repeat::snRNA;gene::RNU6-2;repeat::snRNA;gene::RNU6-2	210	52	322	108	37	5	62	7	13	279
167	0	gene ncrna piRNA|gene::RPL23A,SNORD42B;piRNA::piR-hsa-963;ncrna::U42B	64	113	201	28	3	0	3	0	3	18
168	0	|	22	0	3	23	0	0	3	0	0	90
169	0	ncrna repeat gene|ncrna::U17a;repeat::snRNA;gene::SNHG3,RCC1,SNHG3,RCC1,RCC1	50	51	19	12	13	3	3	0	3	43
170	0	ncrna gene|ncrna::SNORD121B;gene::SNORD121B,UBAP2,UBAP2,UBAP2	9	216	287	0	6	0	0	0	0	7
171	0	gene|gene::HIST1H2BD,HIST1H2BD	19	0	7	8	0	0	12	0	0	15
172	0	|	742	44	99	109	16	126	28	42	222	92
173	0	gene ncrna piRNA|gene::SNORD98,CCAR1,CCAR1,CCAR1,CCAR1;piRNA::piR-hsa-317,piR-hsa-515,piR-hsa-32522,piR-hsa-32196,piR-hsa-1944,piR-hsa-32157,piR-hsa-32261,piR-hsa-32588;ncrna::HBII-419	210	167	178	82	57	37	69	51	29	103
174	0	gene|gene::RNA45SN3,LOC100507412,RNA45SN1,RNA45SN4,RNA45SN5,RNA45SN2	19	0	10	3	0	0	0	0	0	58
175	0	ncrna gene|ncrna::HBII-210;gene::GNL3,SNORD69,GNL3,GNL3	2420	735	931	1208	417	362	744	315	257	236
176	0	gene miRNA|gene::MIR192,MIR194-2HG,MIR194-2HG,MIR194-2HG;miRNA::hsa-miR-192-5p,hsa-miR-192-3p	16030	9649	8313	6600	2092	4493	1134	10095	1402	1607
177	0	gene miRNA|gene::MIR18B;miRNA::hsa-miR-18b-3p,hsa-miR-18b-5p	13	6	76	3	0	0	3	4	0	0
178	0	gene miRNA|gene::MIR365A,MIR193BHG,MIR193BHG;miRNA::hsa-miR-365a-3p,hsa-miR-365a-5p	961	866	1504	655	443	619	290	448	319	461
179	0	gene|gene::RPL28,RPL28,RPL28,RPL28	160	4	9	9	0	0	15	0	0	124
180	0	gene miRNA|gene::SMC4,TRIM59-IFT80,TRIM59-IFT80,TRIM59-IFT80,MIR16-2,SMC4,SMC4;miRNA::hsa-miR-16-5p,hsa-miR-16-2-3p;gene::MIR16-1,DLEU2,DLEU2,DLEU2,DLEU2,DLEU2;miRNA::hsa-miR-16-5p,hsa-miR-16-1-3p	52218	27696	30242	19288	18014	13564	14238	18069	17168	14001
181	0	gene|gene::EEF1A1;gene::EEF1A1;gene::EEF1A1	11	0	0	4	0	0	3	0	0	49
182	0	ncrna gene|ncrna::U64;gene::RPS2,SNORA64	26	43	49	3	0	0	8	0	0	47
183	0	gene ncrna piRNA|gene::SNORD24,RPL7A;piRNA::piR-hsa-14647;ncrna::U24	2463	549	1261	845	207	135	207	132	76	1442
184	0	ncrna gene|ncrna::U55;gene::RPS8,SNORD55	189	151	130	99	103	134	3	57	97	121
185	0	gene ncrna piRNA|gene::RPL13,RPL13,RPL13,SNORD68;piRNA::piR-hsa-1361;ncrna::HBII-202	353	553	818	267	90	84	78	54	58	201
186	0	gene|gene::IDE,IDE,IDE,IDE,IDE,IDE	10	14	54	30	0	4	0	0	0	3
187	0	|	12	0	12	3	0	0	0	0	0	29
188	0	repeat gene|repeat::DNA;gene::RNA45SN5,RNA45SN2,RNA45SN3,LOC100507412,RNA45SN1,RNA45SN4;repeat::DNA;gene::RNA45SN5,RNA45SN2,RNA45SN3,LOC100507412,RNA45SN1,RNA45SN4	168	44	185	67	24	20	15	20	5	287
189	0	gene|gene::RNA45SN5,RNA45SN2,RNA45SN3,LOC100507412,RNA45SN1,RNA45SN4	112	3	85	41	16	0	9	0	0	272
190	0	gene miRNA|gene::MIR186,ZRANB2,ZRANB2;miRNA::hsa-miR-186-5p,hsa-miR-186-3p	30950	12527	8443	8843	6859	7748	11004	10331	9374	11144
191	0	repeat miRNA gene|repeat::SINE,SINE;miRNA::hsa-miR-1303;gene::MIR1303	61	0	4	21	0	3	4	0	3	0
192	0	gene ncrna piRNA|gene::SNX5,SNX5,SNX5,SNORD17;piRNA::piR-hsa-2129,piR-hsa-12206,piR-hsa-3178,piR-hsa-23786;ncrna::HBI-43	357	211	111	264	177	207	115	154	126	168
193	0	ncrna gene|ncrna::U49B;gene::LRRC75A-AS1,LRRC75A-AS1,LRRC75A-AS1,LRRC75A-AS1,LRRC75A-AS1,LRRC75A-AS1,LRRC75A-AS1,LRRC75A-AS1,LRRC75A-AS1,LRRC75A-AS1,LRRC75A-AS1,LRRC75A-AS1,LRRC75A-AS1,LRRC75A-AS1,LRRC75A-AS1,LRRC75A-AS1,LRRC75A-AS1,LRRC75A-AS1,LRRC75A-AS1,LRRC75A-AS1,LRRC75A-AS1,LRRC75A-AS1,LRRC75A-AS1,LRRC75A-AS1,LRRC75A-AS1,LRRC75A-AS1,LRRC75A-AS1,SNORD49B,LRRC75A-AS1,LRRC75A-AS1,LRRC75A-AS1,LRRC75A-AS1,LRRC75A-AS1	84	80	207	29	11	8	30	3	0	28
194	0	ncrna gene|ncrna::U97;gene::EIF4G2,EIF4G2,EIF4G2,SNORD97	132	50	248	47	19	45	12	36	45	12
195	0	gene ncrna piRNA|gene::RPL17,RPL17,RPL17-C18orf32,RPL17,RPL17,RPL17,RPL17,RPL17,RPL17-C18orf32,RPL17,SNORD58C;piRNA::piR-hsa-25447;ncrna::U58C	2119	893	1096	915	193	809	695	720	626	1020
196	0	gene ncrna piRNA|gene::RPL17-C18orf32,RPL17,SNORD58A,RPL17,RPL17,RPL17-C18orf32,RPL17,RPL17,RPL17,RPL17,RPL17;piRNA::piR-hsa-23992;ncrna::U58A	2090	1506	2549	494	292	174	598	207	158	1308
197	0	gene ncrna piRNA|gene::RPL17,RPL17,RPL17,RPL17,RPL17,RPL17,RPL17,RPL17-C18orf32,RPL17,SNORD58B;piRNA::piR-hsa-24015;ncrna::U58B	1101	908	1351	260	161	75	379	66	82	745
198	0	gene|gene::RMRP	827	684	1273	284	176	66	233	63	69	903
199	0	gene miRNA|gene::MIR335,MEST,MEST,MEST,MEST,MEST,MEST;miRNA::hsa-miR-335-5p,hsa-miR-335-3p	7333	72	251	43	123	38	165	78	4	33
200	0	ncrna gene|ncrna::U15B;gene::RPS3,RPS3,RPS3,SNORD15B,RPS3	54	183	359	7	9	7	4	8	0	31
201	0	ncrna gene|ncrna::ACA8;gene::SNORA8,TAF1D,TAF1D	8	14	74	4	0	0	0	0	0	19
202	0	gene|gene::DOLPP1,DOLPP1,DOLPP1	439	39	226	84	20	52	86	76	53	42
203	0	gene miRNA|gene::MIR3615,SLC9A3R1;miRNA::hsa-miR-3615	591	115	195	252	168	127	24	176	158	58
204	0	ncrna gene|ncrna::ACA32;gene::SNORA32,TAF1D,TAF1D	31	6	15	12	28	4	7	0	4	30
205	0	repeat|repeat::LTR	127	140	203	24	63	38	15	32	107	61
206	0	gene|gene::RPL35	16	0	0	10	0	0	3	0	0	47
207	0	gene|gene::MALAT1,MALAT1,MALAT1,TALAM1	14	0	12	3	0	0	3	0	0	16
208	0	gene miRNA|gene::MIR138-1;miRNA::hsa-miR-138-5p,hsa-miR-138-1-3p	836	918	367	91	1032	99	20	23	287	981
209	0	gene|gene::RNA45SN5,RNA45SN2,RNA45SN3,LOC100507412,RNA45SN1,RNA45SN4;gene::RNA45SN5,RNA45SN2,RNA45SN3,LOC100507412,RNA45SN1,RNA45SN4	10	0	46	12	3	0	0	0	0	31
210	0	gene miRNA|gene::DNMT3A,DNMT3A,DNMT3A,DNMT3A,MIR1301,DNMT3A;miRNA::hsa-miR-1301-3p	86	88	138	54	15	37	16	71	28	25
211	0	piRNA|piRNA::piR-hsa-23087,piR-hsa-32298	190	255	145	598	130	120	51	55	72	475
212	0	gene miRNA|gene::SPACA6P-AS,MIR125A,SPACA6;miRNA::hsa-miR-125a-5p,hsa-miR-125a-3p	124	112	33	242	676	167	99	272	47	221
213	0	gene|gene::LARP4,LARP4,LARP4,LARP4,LARP4,LARP4,LARP4,LARP4,SNORD133,LARP4,LARP4,LARP4,LARP4,LARP4,LARP4,LARP4,LARP4,LARP4,LARP4,LARP4,LARP4,LARP4,LARP4,LARP4,LARP4,LARP4,LARP4,LARP4,LARP4	46	28	37	0	0	0	3	0	6	5
214	0	ncrna gene|ncrna::HBII-276;gene::SNHG6,SNHG6,SNHG6,SNHG6,SNORD87	45	107	183	26	36	13	15	7	6	40
215	0	ncrna gene|ncrna::U71a;gene::SNORA71A,SNHG17,SNHG17,SNHG17,SNHG17,SNHG17,SNHG17,SNHG17,SNHG17,SNHG17,SNHG17,SNHG17,SNHG17,SNHG17,SNHG17	33	20	12	16	7	0	3	0	0	32
216	0	ncrna gene|ncrna::HBII-82;gene::SF3B3,SNORD111	173	39	455	52	5	13	21	11	17	65
217	0	ncrna gene|ncrna::U47;gene::SNORD47,GAS5,GAS5,GAS5,GAS5,GAS5,GAS5,GAS5,GAS5,GAS5,GAS5,GAS5,GAS5,GAS5,GAS5,GAS5	2861	2053	3491	894	661	198	661	235	242	1512
218	0	|	11	0	19	3	0	0	6	0	0	139
219	0	gene miRNA|gene::MIR1307,ATP5MD,ATP5MD,ATP5MD;miRNA::hsa-miR-1307-3p,hsa-miR-1307-5p	2153	1121	2465	529	822	632	247	447	550	1255
220	0	|tRNA::tRNA-His-GTG-1-4;gene::NBPF19;repeat::tRNA;piRNA::piR-hsa-7193;tRNA::tRNA-His-GTG-1-7;gene::SHF;repeat::tRNA;piRNA::piR-hsa-7193;tRNA::tRNA-His-GTG-1-8;gene::SHF;repeat::tRNA;piRNA::piR-hsa-7193;tRNA::tRNA-His-GTG-1-5;gene::SHF;repeat::tRNA;piRNA::piR-hsa-7193;tRNA::tRNA-His-GTG-1-9;gene::SHF;repeat::tRNA;piRNA::piR-hsa-7193;tRNA::tRNA-His-GTG-1-3;gene::NBPF19;repeat::tRNA;piRNA::piR-hsa-7193	4200	1762	1618	952	646	755	493	514	750	1847
221	0	gene miRNA|gene::NDE1,MIR484;miRNA::hsa-miR-484	2530	594	1835	569	357	268	627	728	367	513
222	0	ncrna miRNA gene|ncrna::HBI-61;miRNA::hsa-miR-1248;gene::EIF4A2,MIR1248,SNORA81	8	142	6	3	20	0	4	4	0	36
223	0	|	47	0	6	19	0	0	16	0	0	79
224	0	ncrna gene|ncrna::HBII-108B;gene::GNL3,GNL3,GNL3,SNORD19B	1683	453	785	766	241	116	392	80	93	286
225	0	piRNA gene ncrna|gene::NCL,SNORD82;ncrna::U82;piRNA::piR-hsa-32236,piR-hsa-820	5258	2237	1219	1936	1766	507	907	745	703	2493
226	0	gene ncrna piRNA|gene::RPL3,SNORD83B,RPL3;piRNA::piR-hsa-28850,piR-hsa-28849,piR-hsa-3961,piR-hsa-28848,piR-hsa-28847;ncrna::U83B	244	296	293	160	39	47	3	34	37	88
227	0	ncrna gene|ncrna::U83A;gene::SNORD83A,RPL3,RPL3	157	243	224	61	53	43	10	10	42	117
228	0	ncrna gene|ncrna::U68;gene::SNORA68,RPL18A	0	9	24	9	0	0	3	0	0	20
229	0	|	70	0	35	24	0	0	19	0	0	550
230	0	repeat miRNA gene|repeat::LTR;repeat::LTR;miRNA::hsa-miR-1260b;gene::MIR1260B,MAML2;repeat::LTR,LTR;miRNA::hsa-miR-1260b;gene::MIR1260B,MAML2;repeat::LTR,LTR;miRNA::hsa-miR-1260b;gene::MIR1260B,MAML2	9312	1842	7288	1897	1185	1293	135	1715	1899	2016
231	0	repeat|repeat::tRNA;tRNA::tRNA-Leu-CAA-1-2;repeat::tRNA;tRNA::tRNA-Leu-CAA-1-2;repeat::tRNA;tRNA::tRNA-Leu-CAA-1-2;repeat::tRNA;tRNA::tRNA-Leu-CAA-1-2;repeat::tRNA;tRNA::tRNA-Leu-CAA-1-2;repeat::tRNA	96	22	79	14	0	3	0	6	3	14
232	0	repeat|repeat::tRNA;repeat::tRNA;repeat::tRNA;tRNA::tRNA-Leu-AAG-2-3;repeat::tRNA;tRNA::tRNA-Leu-AAG-3-1;repeat::tRNA;tRNA::tRNA-Leu-AAG-2-2;repeat::tRNA;tRNA::tRNA-Leu-AAG-2-2;repeat::tRNA;tRNA::tRNA-Leu-AAG-2-2;repeat::tRNA;tRNA::tRNA-Leu-AAG-2-4;repeat::tRNA;tRNA::tRNA-Leu-AAG-1-1;repeat::tRNA;tRNA::tRNA-Leu-TAG-1-1;repeat::tRNA;tRNA::tRNA-Leu-TAG-1-1;repeat::tRNA;tRNA::tRNA-Leu-AAG-2-1;repeat::tRNA;tRNA::tRNA-Leu-AAG-2-1;repeat::tRNA;tRNA::tRNA-Leu-AAG-2-1;repeat::tRNA;tRNA::tRNA-Leu-AAG-2-1;repeat::tRNA;tRNA::tRNA-Leu-AAG-1-2;repeat::tRNA;tRNA::tRNA-Leu-AAG-1-2;repeat::tRNA;tRNA::tRNA-Leu-AAG-1-2;repeat::tRNA;tRNA::tRNA-Leu-AAG-1-3;repeat::tRNA	164	515	977	55	33	15	8	16	16	89
233	0	tRNA repeat|tRNA::tRNA-Leu-CAG-1-6;repeat::tRNA;tRNA::tRNA-Leu-CAG-2-1;repeat::tRNA;tRNA::tRNA-Leu-CAG-2-2;repeat::tRNA;tRNA::tRNA-Leu-CAG-1-1;repeat::tRNA;tRNA::tRNA-Leu-CAG-1-2;repeat::tRNA;tRNA::tRNA-Leu-CAG-1-3;repeat::tRNA;tRNA::tRNA-Leu-CAG-1-4;repeat::tRNA;tRNA::tRNA-Leu-CAG-1-5;repeat::tRNA;tRNA::tRNA-Leu-CAG-1-7;repeat::tRNA	1884	721	842	550	525	376	286	330	444	552
234	0	repeat gene|repeat::LTR;repeat::LTR;gene::AGO3,AGO3;repeat::LTR;gene::NDST3,NDST3,NDST3;repeat::LTR;gene::DOCK3;repeat::LTR;gene::DOCK3	13359	2508	7609	2881	3099	1147	217	2968	2210	4111
235	0	repeat|repeat::tRNA;repeat::tRNA;repeat::tRNA;repeat::tRNA;repeat::tRNA;tRNA::tRNA-Leu-CAA-1-1;repeat::tRNA	4	12	88	43	3	0	21	7	0	46
236	0	tRNA repeat|tRNA::tRNA-Leu-TAG-3-1;repeat::tRNA	1191	1612	1605	390	354	197	92	286	389	365
237	0	tRNA repeat|tRNA::tRNA-Leu-CAA-4-1;repeat::tRNA	423	313	309	629	274	112	75	283	82	207
238	0	|	6807	1224	4140	1996	1576	574	149	1251	841	1963
239	0	gene miRNA|gene::MIR769;miRNA::hsa-miR-769-5p,hsa-miR-769-3p	2221	1883	2165	703	596	742	538	596	841	1123
240	0	repeat miRNA gene|repeat::SINE;miRNA::hsa-miR-1285-3p,hsa-miR-1285-5p;gene::KRIT1,KRIT1,KRIT1,KRIT1,KRIT1,KRIT1,KRIT1,KRIT1,KRIT1,KRIT1,KRIT1,KRIT1,KRIT1,KRIT1,KRIT1,KRIT1,KRIT1,KRIT1,KRIT1,KRIT1,KRIT1,KRIT1,KRIT1,KRIT1,KRIT1,KRIT1,KRIT1,KRIT1,KRIT1,KRIT1,KRIT1,KRIT1,KRIT1,KRIT1;repeat::SINE;miRNA::hsa-miR-1285-3p,hsa-miR-1285-5p;gene::TBC1D22A,TBC1D22A,TBC1D22A,TBC1D22A,TBC1D22A	59	104	213	8	12	5	9	14	10	20
241	0	repeat miRNA gene|repeat::SINE,SINE;miRNA::hsa-miR-378a-5p,hsa-miR-378a-3p;gene::MIR378A,PPARGC1B,PPARGC1B;repeat::SINE;miRNA::hsa-miR-378a-5p,hsa-miR-378a-3p;gene::ZNF860	22650	18126	19206	13600	9236	8476	6047	6370	10495	7137
242	0	repeat gene|repeat::SINE;gene::TEX2,TEX2	195	17	25	13	14	4	92	0	0	3
243	0	repeat gene|repeat::SINE;gene::COLEC10,COLEC10	3	34	20	0	0	0	6	0	0	0
244	0	ncrna gene|ncrna::U29;gene::SNORD29,SNHG1,SNHG1,SNHG1,SNHG1,SNHG1,SNHG1,SNHG1,SNHG1,SNHG1,SNHG1,SNHG1,SNHG1	9482	6923	11397	6782	1251	1118	4304	1370	1216	2038
245	0	gene|gene::RNA45SN5,RNA45SN2,RNA45SN3,LOC100507412,RNA45SN1,RNA45SN4	10899	6034	8032	3864	1961	2173	1326	2229	1407	7544
246	0	ncrna gene|ncrna::SNORD126;gene::SNORD126,CCNB1IP1,CCNB1IP1,CCNB1IP1	277	177	309	73	24	27	78	47	24	110
247	0	ncrna gene|ncrna::U46;gene::RPS8,SNORD46;ncrna::U46;gene::RPS8,SNORD46	517	1065	978	148	258	149	32	171	117	251
248	0	gene ncrna piRNA|gene::SNORD6,TAF1D,TAF1D;piRNA::piR-hsa-1338;ncrna::mgh28S-2411	471	200	280	189	53	41	97	63	26	85
249	0	repeat|repeat::snRNA	54	66	297	22	28	0	15	8	3	101
250	0	repeat gene|repeat::snRNA;repeat::snRNA;gene::GSKIP,GSKIP,GSKIP,GSKIP;repeat::snRNA;gene::GSKIP,GSKIP,GSKIP,GSKIP;repeat::snRNA;gene::RUVBL1	4908	3475	1458	9552	2779	2672	638	1542	1843	2746
251	0	repeat|repeat::snRNA	1651	2079	3432	2895	1069	862	303	822	715	1520
252	0	repeat gene|repeat::snRNA,LTR;repeat::snRNA;gene::BTRC,BTRC,BTRC;repeat::LINE,snRNA;gene::MAMDC2,MAMDC2;repeat::snRNA;gene::LOC100128988,LOC100128988;repeat::snRNA;gene::LOC100128988,LOC100128988	664	3758	6783	619	382	223	276	128	242	476
253	0	ncrna gene|ncrna::HBII-420;gene::SNHG12,SNHG12,SNORD99,SNHG12,SNHG12,SNHG12,SNHG12,SNHG12,SNHG12	5963	10286	22790	1689	975	997	979	1001	774	1157
254	0	gene ncrna piRNA|gene::PUM1,PUM1,SNORD103C;piRNA::piR-hsa-28846,piR-hsa-32176,piR-hsa-24360,piR-hsa-28845,piR-hsa-32199,piR-hsa-32198;ncrna::HBII-251	863	289	264	296	155	151	197	218	162	285
255	0	tRNA repeat piRNA|tRNA::tRNA-Ala-AGC-8-1;repeat::tRNA;piRNA::piR-hsa-28390	49	37	42	26	24	3	0	27	10	15
256	0	repeat miRNA gene|repeat::Simple_repeat;miRNA::hsa-miR-574-5p,hsa-miR-574-3p;gene::MIR574,FAM114A1,FAM114A1,FAM114A1,FAM114A1,FAM114A1,FAM114A1,FAM114A1,FAM114A1	184	294	284	115	35	77	12	29	41	194
257	0	repeat gene|repeat::LTR;gene::C1GALT1	4	0	0	80	0	0	0	18	68	0
258	0	tRNA repeat|tRNA::tRNA-Gly-GCC-1-2;repeat::tRNA;tRNA::tRNA-Gly-GCC-1-3;repeat::tRNA;tRNA::tRNA-Gly-GCC-1-4;repeat::tRNA;tRNA::tRNA-Gly-GCC-1-5;repeat::tRNA;tRNA::tRNA-Gly-GCC-1-1;repeat::tRNA	2253	844	827	780	337	427	158	1806	961	478
259	0	|tRNA::tRNA-Gly-GCC-3-1;gene::VAC14,VAC14;repeat::tRNA;piRNA::piR-hsa-25783,piR-hsa-25782,piR-hsa-18709,piR-hsa-25781,piR-hsa-2107,piR-hsa-25780,piR-hsa-2106,piR-hsa-25779,piR-hsa-12790,piR-hsa-1207;tRNA::tRNA-Gly-GCC-2-4;gene::VAC14,VAC14;repeat::tRNA;piRNA::piR-hsa-25780,piR-hsa-2106,piR-hsa-25779,piR-hsa-12790,piR-hsa-1207,piR-hsa-28322,piR-hsa-23637,piR-hsa-23638,piR-hsa-25783,piR-hsa-25782,piR-hsa-18709,piR-hsa-25781,piR-hsa-2107;tRNA::tRNA-Gly-GCC-2-6;gene::VAC14,VAC14;repeat::tRNA;piRNA::piR-hsa-12790,piR-hsa-2106,piR-hsa-2107,piR-hsa-25779,piR-hsa-25780,piR-hsa-25781,piR-hsa-25782,piR-hsa-25783,piR-hsa-18709,piR-hsa-23638,piR-hsa-23637,piR-hsa-28322;tRNA::tRNA-Gly-GCC-2-2;gene::VAC14,VAC14;repeat::tRNA;piRNA::piR-hsa-2106,piR-hsa-25779,piR-hsa-12790,piR-hsa-1207,piR-hsa-28322,piR-hsa-23637,piR-hsa-23638,piR-hsa-25783,piR-hsa-25782,piR-hsa-18709,piR-hsa-25781,piR-hsa-2107,piR-hsa-25780;tRNA::tRNA-Gly-GCC-2-1;gene::VAC14,VAC14;repeat::tRNA;piRNA::piR-hsa-28322,piR-hsa-23637,piR-hsa-23638,piR-hsa-25783,piR-hsa-25782,piR-hsa-18709,piR-hsa-25781,piR-hsa-2107,piR-hsa-25780,piR-hsa-2106,piR-hsa-25779,piR-hsa-12790,piR-hsa-1207,piR-hsa-27124,piR-hsa-624;tRNA::tRNA-Gly-GCC-2-5;gene::VAC14,VAC14;repeat::tRNA;piRNA::piR-hsa-25783,piR-hsa-18709,piR-hsa-23638,piR-hsa-23637,piR-hsa-28322,piR-hsa-26508,piR-hsa-28131,piR-hsa-12790,piR-hsa-2106,piR-hsa-2107,piR-hsa-25779,piR-hsa-25780,piR-hsa-25781,piR-hsa-25782;tRNA::tRNA-Gly-GCC-2-3;gene::VAC14,VAC14;repeat::tRNA;piRNA::piR-hsa-28322,piR-hsa-23637,piR-hsa-23638,piR-hsa-25783,piR-hsa-25782,piR-hsa-18709,piR-hsa-25781,piR-hsa-2107,piR-hsa-25780,piR-hsa-2106,piR-hsa-25779,piR-hsa-12790,piR-hsa-28131,piR-hsa-26508	9639	4411	5877	3886	1925	2435	1615	7091	2366	2648
260	0	repeat|repeat::LTR;repeat::LTR;repeat::LTR	3710	428	1994	1179	436	466	77	834	585	881
261	0	tRNA repeat|tRNA::tRNA-Gly-TCC-2-5;repeat::tRNA;tRNA::tRNA-Gly-TCC-2-6;repeat::tRNA;tRNA::tRNA-Gly-TCC-2-1;repeat::tRNA;gene::NBPF20,NBPF10,NBPF19,NBPF10;tRNA::tRNA-Gly-TCC-2-2;repeat::tRNA;gene::NBPF20,NBPF10,NBPF19,NBPF10;tRNA::tRNA-Gly-TCC-2-3;repeat::tRNA;gene::NBPF20,NBPF10,NBPF19,NBPF10;tRNA::tRNA-Gly-TCC-2-4;repeat::tRNA;gene::NBPF20,NBPF10,NBPF19,NBPF10	1185	183	426	478	238	322	181	268	201	263
262	0	repeat miRNA gene|repeat::LTR;miRNA::hsa-miR-7977;gene::MIR7977	1360	403	434	1265	496	630	83	1778	460	440
263	0	repeat miRNA gene|repeat::LINE;miRNA::hsa-miR-374c-3p,hsa-miR-374b-5p,hsa-miR-374b-3p,hsa-miR-374c-5p;gene::MIR374C,MIR374B,FTX	138	76	91	81	84	28	35	40	28	63
264	0	gene miRNA|gene::MIR19B2;miRNA::hsa-miR-19b-3p;gene::MIR17HG,MIR17HG,MIR19B1;miRNA::hsa-miR-19b-3p,hsa-miR-19b-1-5p	2802	3662	2398	945	1075	569	923	665	890	1148
265	0	gene miRNA|gene::MIR19A,MIR17HG,MIR17HG;miRNA::hsa-miR-19a-5p,hsa-miR-19a-3p	368	508	232	75	147	61	107	76	162	234
266	0	gene ncrna piRNA|gene::SNORD43,RPL3,RPL3;piRNA::piR-hsa-952;ncrna::U43	1565	1136	1182	564	428	410	191	391	311	582
267	0	gene miRNA|gene::MIR221;miRNA::hsa-miR-221-5p,hsa-miR-221-3p	2244	3080	5015	1701	360	964	1555	1525	315	625
268	0	gene miRNA|gene::MIR22,MIR22HG,MIR22HG,MIR22HG,MIR22HG;miRNA::hsa-miR-22-5p,hsa-miR-22-3p	19717	6848	4112	4884	7003	4586	3014	7709	6263	3769
269	0	gene|gene::HIST2H2AA3,HIST2H2AA4;gene::HIST2H2AA3,HIST2H2AA4	51	10	25	25	4	14	0	15	5	17
270	0	gene ncrna piRNA|gene::NOP56,NOP56,SNORD110,NOP56;piRNA::piR-hsa-27283;ncrna::HBII-55	889	477	1016	214	93	87	144	96	62	292
271	0	piRNA gene|piRNA::piR-hsa-29251;piRNA::piR-hsa-29251;gene::EEF1A1	23	0	27	9	0	0	9	0	0	95
272	0	repeat miRNA gene|repeat::LINE;miRNA::hsa-miR-625-5p,hsa-miR-625-3p;gene::MIR625,FUT8,FUT8,FUT8,FUT8,FUT8;repeat::LINE;miRNA::hsa-miR-625-5p,hsa-miR-625-3p;gene::MIR625,FUT8,FUT8,FUT8,FUT8,FUT8	597	497	420	178	171	129	29	60	212	84
273	0	ncrna gene|ncrna::U36A;gene::SNORD36A,RPL7A	2835	544	946	1287	434	467	970	459	540	1057
274	0	|	15	44	191	7	5	3	19	3	12	5
275	0	ncrna gene|ncrna::HBII-289;gene::SNORD89	30	24	39	3	3	0	0	3	0	8
276	0	gene|gene::MALAT1,MALAT1,MALAT1,TALAM1	59	0	27	13	0	0	3	0	0	110
277	0	gene|gene::SNORD143,THAP9-AS1,THAP9-AS1,THAP9-AS1,SEC31A	29	0	16	12	0	0	3	0	0	24
278	0	gene|gene::BCL10,BCL10	174	0	18	29	20	20	18	47	9	19
279	0	repeat gene|repeat::LINE;repeat::LINE;repeat::SINE;gene::IQSEC2;repeat::SINE;gene::IQSEC2;repeat::SINE;gene::ATL3,ATL3;repeat::Simple_repeat;gene::ATL3,ATL3	1202	96	217	230	207	105	216	180	127	127
280	0	piRNA|piRNA::piR-hsa-9491,piR-hsa-21622	390	14	246	117	6	11	67	0	8	1238
281	0	gene|gene::PCBD2	59	0	4	0	0	0	0	3	0	164
282	0	repeat gene|repeat::LINE;gene::GRM8,GRM8,GRM8	50	26	27	0	0	0	13	0	0	46
283	0	gene|gene::RNFT1,TBC1D3P1-DHX40P1;gene::RNFT1,TBC1D3P1-DHX40P1	370	45	130	44	15	4	46	17	10	591
284	0	piRNA|piRNA::piR-hsa-20616	1608	622	1455	249	137	80	278	62	59	3656
285	0	|	5243	1636	2245	894	458	213	321	101	147	8359
286	0	ncrna gene|ncrna::ACA10;gene::RPS2,SNORA10	7	27	26	3	0	0	0	0	0	9
287	0	gene|gene::SNORA31B,TPT1,TPT1,TPT1	44	15	41	15	4	0	0	8	4	19
288	0	|	16	0	3	0	0	0	9	0	0	77
289	0	gene miRNA|gene::PANK2,PANK2,PANK2,MIR103B2,MIR103A2,PANK2,PANK2,PANK2;miRNA::hsa-miR-103a-2-5p,hsa-miR-103a-3p,hsa-miR-103b;gene::MIR103B1,MIR103A1,PANK3;miRNA::hsa-miR-103a-3p,hsa-miR-103b	22006	26602	26423	6953	4768	6277	3948	6200	5808	8841
290	0	ncrna gene|ncrna::HBII-95;gene::SNORD11,NOP58	313	418	582	105	47	19	95	14	12	169
291	0	ncrna gene|ncrna::U30;gene::SNORD30,SNHG1,SNHG1,SNHG1,SNHG1,SNHG1,SNHG1,SNHG1,SNHG1,SNHG1,SNHG1,SNHG1,SNHG1	5825	1393	2553	2179	651	1630	1070	1426	1533	2043
292	0	ncrna gene|ncrna::ACA24;gene::SNHG8,SNHG8,SNHG8,SNORA24	90	69	93	41	17	0	28	7	8	60
293	0	gene|gene::ACTB	7	3	16	0	0	0	0	0	0	13
294	0	gene miRNA|gene::MIR2116,MYO1E;miRNA::hsa-miR-2116-3p,hsa-miR-2116-5p	79	33	49	32	25	33	3	11	21	29
295	0	ncrna gene|ncrna::ACA3;gene::RPL27A,SNORA3A	56	111	116	48	30	3	4	20	7	36
296	0	ncrna gene|ncrna::Z17B;gene::RPL23A,SNORD4B	142	340	382	31	68	17	97	17	49	48
297	0	gene|gene::RMRP	505	383	704	202	171	24	44	36	21	937
298	0	gene miRNA|gene::MIR17HG,MIR17HG,MIR20A;miRNA::hsa-miR-20a-5p,hsa-miR-20a-3p	2900	5662	3271	1175	1090	1570	1065	1157	2023	1518
299	0	gene miRNA|gene::MIR20B;miRNA::hsa-miR-20b-3p,hsa-miR-20b-5p	393	320	1867	261	0	202	629	281	38	16
300	0	gene miRNA|gene::MIR106A;miRNA::hsa-miR-106a-5p,hsa-miR-106a-3p	134	192	1003	91	0	56	152	102	8	6
301	0	gene miRNA|gene::MIR17HG,MIR17,MIR17HG;miRNA::hsa-miR-17-5p,hsa-miR-17-3p	4385	5842	7198	2129	1433	1777	1324	1453	1845	1597
302	0	tRNA repeat|tRNA::tRNA-Asp-GTC-2-5;repeat::tRNA;tRNA::tRNA-Asp-GTC-2-1;repeat::tRNA;tRNA::tRNA-Asp-GTC-2-2;repeat::tRNA;tRNA::tRNA-Asp-GTC-2-3;repeat::tRNA;tRNA::tRNA-Asp-GTC-2-4;repeat::tRNA;tRNA::tRNA-Asp-GTC-2-8;repeat::tRNA;gene::LTA4H,LTA4H	1104	3397	3581	350	253	182	86	291	181	759
303	0	repeat gene|repeat::Low_complexity,Simple_repeat;repeat::Low_complexity,Simple_repeat;gene::RNA45SN5,RNA45SN2,RNA45SN3,LOC100507412,RNA45SN1,RNA45SN4	119	22	38	22	4	10	5	27	4	116
304	0	gene miRNA|gene::MIR26A1,CTDSPL,CTDSPL;miRNA::hsa-miR-26a-5p,hsa-miR-26a-1-3p;gene::MIR26A2,CTDSP2;miRNA::hsa-miR-26a-2-3p,hsa-miR-26a-5p	34901	19057	19385	16749	23871	13425	7036	15770	13485	9355
305	0	gene miRNA|gene::CTDSP1,MIR26B,CTDSP1,CTDSP1;miRNA::hsa-miR-26b-5p,hsa-miR-26b-3p	5285	5643	5051	2228	2528	2187	1510	2743	2634	2433
306	0	|	920	18	212	203	3	3	259	3	0	1755
307	0	gene|gene::GCDH,GCDH,GCDH,GCDH	554	163	143	183	182	167	157	216	210	60
308	0	gene miRNA|gene::TSPOAP1-AS1,TSPOAP1-AS1,TSPOAP1-AS1,TSPOAP1-AS1,MIR142;miRNA::hsa-miR-142-5p,hsa-miR-142-3p	112510	40464	45475	45520	35510	27410	15884	58983	44862	41478
309	0	repeat|repeat::LINE	1493	479	453	659	330	217	60	392	377	550
310	0	ncrna gene|ncrna::U94;gene::SNORD94,PTCD3	27	16	18	0	0	0	3	0	0	35
311	0	gene miRNA|gene::MIR551B,EGFEM1P;miRNA::hsa-miR-551b-5p,hsa-miR-551b-3p	20	84	129	6	4	3	0	7	3	3
312	0	ncrna gene|ncrna::U66;gene::FAM69A,SNORA66,RPL5,RPL5	69	5	15	8	3	0	32	0	4	72
313	0	gene|gene::TTC9C	0	0	0	0	1206	735	0	907	923	0
314	0	repeat|repeat::tRNA;repeat::tRNA	954	205	477	324	159	104	119	89	136	1260
315	0	ncrna repeat|ncrna::U3-3;repeat::snRNA;ncrna::U3-2B;repeat::snRNA;ncrna::U3-2;repeat::snRNA;ncrna::U3;repeat::snRNA	4876	3502	4272	2445	862	1115	674	1130	688	3880
316	0	ncrna gene|ncrna::HBII-142;gene::SNORD66,EIF4G1,EIF4G1,EIF4G1,EIF4G1,EIF4G1,EIF4G1,EIF4G1,EIF4G1	2645	550	675	1307	450	459	334	570	296	846
317	0	ncrna gene|ncrna::U33;gene::RPL13AP5,RPL13A,RPL13A,SNORD33,RPL13A	6232	2406	2582	3499	1096	819	228	776	856	2273
318	0	ncrna gene|ncrna::U93;gene::SCARNA13,SNHG10,SNHG10	106	69	78	63	27	0	7	3	7	149
319	0	gene|gene::AKAP11	150	69	112	34	29	17	28	38	47	20
320	0	gene miRNA|gene::MIR10A,HOXB3;miRNA::hsa-miR-10a-5p,hsa-miR-10a-3p	101731	19328	88657	50078	2526	41785	19433	86616	7387	6787
321	0	gene miRNA|gene::MIR10B;miRNA::hsa-miR-10b-5p	137	103	679	88	0	17	192	23	17	121
322	0	gene miRNA|gene::MIR132;miRNA::hsa-miR-132-3p,hsa-miR-132-5p	566	1004	154	97	521	127	41	228	176	339
323	0	gene miRNA|gene::MIR150;miRNA::hsa-miR-150-5p,hsa-miR-150-3p	1988	1830	342	297	89	82	63	147	105	71
324	0	gene miRNA|gene::MIR21,VMP1,VMP1,VMP1,VMP1,VMP1,VMP1,VMP1,VMP1,VMP1,VMP1;miRNA::hsa-miR-21-5p,hsa-miR-21-3p	97200	86635	60200	37011	39257	35297	25436	40246	54457	48279
325	0	gene|gene::RNA45SN5,RNA45SN2,RNA45SN3,LOC100507412,RNA45SN1,RNA45SN4;gene::RNA45SN5,RNA45SN2,RNA45SN3,LOC100507412,RNA45SN1,RNA45SN4	300	8	291	229	31	34	24	3	10	1210
326	0	gene ncrna piRNA|gene::LRRC75A-AS1,LRRC75A-AS1,LRRC75A-AS1,LRRC75A-AS1,LRRC75A-AS1,LRRC75A-AS1,LRRC75A-AS1,LRRC75A-AS1,LRRC75A-AS1,LRRC75A-AS1,LRRC75A-AS1,LRRC75A-AS1,LRRC75A-AS1,LRRC75A-AS1,LRRC75A-AS1,LRRC75A-AS1,LRRC75A-AS1,LRRC75A-AS1,LRRC75A-AS1,LRRC75A-AS1,LRRC75A-AS1,LRRC75A-AS1,SNORD49A,LRRC75A-AS1,LRRC75A-AS1,LRRC75A-AS1,LRRC75A-AS1,LRRC75A-AS1,LRRC75A-AS1,LRRC75A-AS1,LRRC75A-AS1,LRRC75A-AS1,LRRC75A-AS1;piRNA::piR-hsa-1834;ncrna::U49A	213	269	360	95	83	48	20	28	79	144
327	0	gene miRNA|gene::R3HDM1,R3HDM1,R3HDM1,R3HDM1,MIR128-1,R3HDM1,R3HDM1;miRNA::hsa-miR-128-3p,hsa-miR-128-1-5p	3001	1008	1953	893	517	341	388	454	380	897
328	0	ncrna gene|ncrna::HBII-336;gene::SNHG26,SNORD93	36966	9619	9325	32574	2265	13598	12036	9075	14286	15821
329	0	|	40	0	0	0	0	0	0	0	0	45
330	0	gene|gene::VTRNA1-1	25386	2403	3328	2109	637	1138	554	2327	3324	1551
331	0	gene ncrna piRNA|gene::RPS3,RPS3,RPS3,SNORD15A,RPS3;piRNA::piR-hsa-24775;ncrna::U15A	85	47	47	40	12	15	16	38	25	52
332	0	ncrna gene|ncrna::U50;gene::SNHG5,SNORD50A	10385	2344	5168	7525	3329	2272	3050	1585	2200	5438
333	0	ncrna gene|ncrna::U50B;gene::SNHG5,SNORD50B	1747	268	540	970	606	392	354	180	372	1057
334	0	repeat|repeat::SINE,rRNA;repeat::rRNA,SINE;repeat::SINE,rRNA;repeat::SINE,rRNA;gene::DUSP5P1,RHOU;repeat::rRNA,SINE;gene::DUSP5P1,RHOU;repeat::SINE,rRNA;gene::DUSP5P1,RHOU;repeat::SINE,rRNA;gene::DUSP5P1,RHOU;repeat::SINE,rRNA;gene::DUSP5P1,RHOU;repeat::rRNA,SINE;gene::DUSP5P1,RHOU;repeat::SINE,rRNA;gene::DUSP5P1,RHOU;repeat::SINE,rRNA;gene::DUSP5P1,RHOU;repeat::SINE,rRNA;gene::DUSP5P1,RHOU;repeat::rRNA,SINE;gene::DUSP5P1,RHOU;repeat::SINE,rRNA;gene::DUSP5P1,RHOU;repeat::SINE,rRNA;gene::DUSP5P1,RHOU;repeat::SINE,rRNA;gene::DUSP5P1,RHOU;repeat::rRNA,SINE;gene::DUSP5P1,RHOU	155662	56502	66978	104360	39290	24975	11372	12767	19028	246129
335	0	repeat gene|repeat::rRNA;gene::NXF2B,NXF2;repeat::rRNA;gene::NXF2B,NXF2	0	38	64	3	0	0	0	0	0	0
336	0	repeat|repeat::rRNA;repeat::rRNA	14	11	16	44	29	0	0	0	10	34
337	0	repeat|repeat::rRNA	82	18	20	283	16	4	0	0	57	221
338	0	|	305	77	182	85	40	18	154	19	49	633
339	0	gene miRNA|gene::MIRLET7G,WDR82;miRNA::hsa-let-7g-5p	24924	27953	24196	11064	9255	10354	4586	10881	11001	7846
340	0	gene miRNA|gene::MIR98,HUWE1;miRNA::hsa-miR-98-5p	8750	10292	8664	5266	5872	5893	2083	5356	6613	5776
341	0	gene miRNA piRNA|gene::MIRLET7C,MIR99AHG,MIR99AHG,MIR99AHG,MIR99AHG,MIR99AHG,MIR99AHG,MIR99AHG,MIR99AHG,MIR99AHG,MIR99AHG,MIR99AHG,MIR99AHG,MIR99AHG,MIR99AHG;miRNA::hsa-let-7c-5p;piRNA::piR-hsa-11362	200	2874	2377	57	7	70	8	89	11	78
342	0	gene miRNA piRNA|gene::MIRLET7F1;miRNA::hsa-let-7f-5p;piRNA::piR-hsa-11360;gene::MIRLET7F2,HUWE1;miRNA::hsa-let-7f-5p;piRNA::piR-hsa-11360	95807	83669	76551	36584	41358	34082	15737	34673	38871	43446
343	0	gene miRNA|gene::MIRLET7I;miRNA::hsa-let-7i-5p	17369	12937	13783	8369	6767	4999	3666	5525	4556	7769
344	0	gene miRNA|gene::MIRLET7A2,MIR100HG,MIR100HG,MIR100HG,MIR100HG,MIR100HG,MIR100HG,MIR100HG,MIR100HG,MIR100HG,MIR100HG,MIR100HG,MIR100HG,MIR100HG,MIR100HG;miRNA::hsa-let-7a-5p;gene::MIRLET7A3,MIRLET7BHG,MIRLET7BHG;miRNA::hsa-let-7a-5p;gene::MIRLET7A1;miRNA::hsa-let-7a-5p;piRNA::piR-hsa-11361	113382	84807	79782	68134	34367	58655	18764	52640	47679	31539
345	0	gene miRNA|gene::MIRLET7B,MIRLET7BHG,MIRLET7BHG;miRNA::hsa-let-7b-5p	1998	244	1413	466	438	712	148	520	500	45
346	0	gene miRNA|gene::MIRLET7D,LINC02603,LINC02603;miRNA::hsa-let-7d-5p	5704	10161	10442	3786	2455	3108	829	3440	2713	2085
347	0	gene miRNA|gene::MIRLET7E,SPACA6P-AS,SPACA6;miRNA::hsa-let-7e-5p	117	76	17	66	248	113	14	128	29	54
348	0	tRNA repeat|tRNA::tRNA-Ser-GCT-6-1;repeat::tRNA	287	37	102	36	11	32	75	10	29	3
349	0	tRNA repeat|tRNA::tRNA-Ser-CGA-1-1;repeat::tRNA	9	17	33	32	15	10	3	4	0	31
350	0	tRNA gene repeat piRNA|tRNA::tRNA-Ser-GCT-3-1;gene::LOC102724064;repeat::tRNA;piRNA::piR-hsa-26589,piR-hsa-26591,piR-hsa-26590,piR-hsa-26592,piR-hsa-26593	27	0	42	9	0	0	0	3	0	6
351	0	tRNA repeat piRNA|tRNA::tRNA-Ser-GCT-4-2;repeat::tRNA;piRNA::piR-hsa-26593,piR-hsa-26590,piR-hsa-26592,piR-hsa-26589,piR-hsa-26591	138	22	162	32	24	62	14	55	84	30
352	0	repeat gene|repeat::tRNA;gene::C22orf34,C22orf34	3126	571	1349	458	218	244	21	552	341	763
353	0	tRNA piRNA repeat|tRNA::tRNA-Ser-GCT-4-3;piRNA::piR-hsa-26590,piR-hsa-26592,piR-hsa-26593,piR-hsa-26589,piR-hsa-26591;miRNA::hsa-miR-4521;repeat::tRNA;gene::MIR4521;tRNA::tRNA-Ser-GCT-5-1;piRNA::piR-hsa-26592,piR-hsa-26593,piR-hsa-26589,piR-hsa-26591,piR-hsa-26590;miRNA::hsa-miR-4521;repeat::tRNA;gene::MIR4521	395	282	411	206	122	87	46	200	141	163
354	0	repeat|repeat::LTR;repeat::LTR;repeat::LTR,LTR;repeat::LTR	22	37	131	0	0	0	0	0	0	0
355	0	tRNA repeat|tRNA::tRNA-Leu-TAA-1-1;repeat::tRNA	77	15	55	8	5	11	5	11	4	21
356	0	tRNA repeat piRNA|tRNA::tRNA-Ser-AGA-2-6;gene::CTC1,CTC1;repeat::tRNA;piRNA::piR-hsa-28590,piR-hsa-32170;tRNA::tRNA-Ser-AGA-2-1;gene::CTC1,CTC1;repeat::tRNA;piRNA::piR-hsa-21126,piR-hsa-32170,piR-hsa-28590	3776	2194	5058	1690	828	571	48	1291	859	1499
357	0	gene ncrna piRNA|gene::NOP56,NOP56,NOP56,SNORD57;piRNA::piR-hsa-17444,piR-hsa-28019;ncrna::U57	2520	1698	2038	1203	412	572	748	651	527	897
358	0	gene|gene::MIR6724-2,MIR6724-3,MIR6724-1,MIR6724-4,LOC100507412;gene::MIR6724-2,MIR6724-4,MIR6724-3,MIR6724-1	93	30	30	25	17	0	12	7	0	0
359	0	gene miRNA|gene::MIR30A;miRNA::hsa-miR-30a-5p,hsa-miR-30a-3p	274	96	53	18	417	136	18	98	16	26
360	0	gene miRNA|gene::MIR30E,NFYC,NFYC,NFYC,NFYC,NFYC,NFYC,NFYC;miRNA::hsa-miR-30e-3p,hsa-miR-30e-5p	11923	17650	14026	6259	9879	4668	5459	4199	9041	6612
361	0	gene miRNA|gene::MIR30D;miRNA::hsa-miR-30d-5p,hsa-miR-30d-3p	51346	17030	36080	26402	12438	20102	13609	35901	18791	11457
362	0	ncrna gene|ncrna::U104;gene::SNHG25,SNORD104	12806	4051	4029	6684	2993	3017	2293	2826	3243	3732
363	0	ncrna gene|ncrna::U28;gene::SNORD28,SNHG1,SNHG1,SNHG1,SNHG1,SNHG1,SNHG1,SNHG1,SNHG1,SNHG1,SNHG1,SNHG1,SNHG1	3773	2894	8354	875	212	196	1646	123	160	2546
364	0	ncrna gene|ncrna::U102;gene::SNORD102,RPL21P28,RPL21	2172	1826	2587	1487	292	190	432	203	187	652
365	0	gene miRNA|gene::MIR320A;miRNA::hsa-miR-320a	5168	5104	4187	4270	1295	1848	806	2080	1265	2544
366	0	ncrna gene|ncrna::U42A;gene::SNORD42A,RPL23A	858	317	879	460	54	390	195	106	108	301
367	0	repeat gene|repeat::LINE;gene::EGFR,EGFR,EGFR,EGFR,EGFR,EGFR,EGFR,EGFR	685	518	2172	1173	220	68	168	172	17	584
368	0	|	391	151	372	513	146	208	118	270	49	234
369	0	repeat|repeat::LTR	42	22	86	31	17	28	0	19	5	13
370	0	|	11	5	17	708	5	0	4	3	95	13
371	0	gene|gene::SHISA9	2885	548	3980	6070	600	573	356	1251	307	2334
372	0	|	290	47	137	40	5	0	0	14	0	23
373	0	gene|gene::PRPF38A	27	28	115	6	0	0	0	3	0	0
374	0	|	27	9	39	75	10	25	16	24	12	17
375	0	repeat gene|repeat::SINE;gene::HOMER2,HOMER2	37	25	81	29	6	3	663	0	0	19
376	0	tRNA repeat piRNA|tRNA::tRNA-Phe-GAA-1-4;repeat::tRNA;piRNA::piR-hsa-5939	250	22	46	76	45	17	11	59	19	50
377	0	repeat gene|repeat::LTR;gene::MOK,MOK,MOK,MOK,MOK,MOK,MOK,MOK,MOK,MOK,MOK,MOK,MOK,MOK,MOK,MOK,MOK;repeat::LTR;gene::MOK,MOK,MOK,MOK,MOK,MOK,MOK,MOK,MOK,MOK,MOK,MOK,MOK,MOK,MOK,MOK,MOK	2152	269	1180	422	211	134	9	359	149	465
378	0	gene miRNA|gene::MIR486-1,ANK1,ANK1,ANK1,ANK1,ANK1,ANK1,ANK1,ANK1,MIR486-2;miRNA::hsa-miR-486-5p,hsa-miR-486-3p,hsa-miR-486-5p,hsa-miR-486-3p;gene::MIR486-2,MIR486-1,ANK1,ANK1,ANK1,ANK1,ANK1,ANK1,ANK1,ANK1;miRNA::hsa-miR-486-5p,hsa-miR-486-3p,hsa-miR-486-5p,hsa-miR-486-3p	22204	8200	75268	25179	2054	13827	6431	9471	6544	8575
379	0	tRNA repeat|tRNA::tRNA-Gln-TTG-3-3;repeat::tRNA;tRNA::tRNA-Gln-TTG-1-1;repeat::tRNA;tRNA::tRNA-Gln-TTG-3-1;repeat::tRNA;tRNA::tRNA-Gln-TTG-3-2;repeat::tRNA	1943	241	523	783	368	719	389	501	516	567
380	0	repeat gene|repeat::LTR;gene::DET1,DET1,DET1,DET1,DET1,DET1,DET1,DET1,DET1,DET1,DET1	212	84	171	129	139	83	6	157	70	71
381	0	tRNA repeat piRNA|tRNA::tRNA-Thr-TGT-4-1;repeat::tRNA;piRNA::piR-hsa-7201	138	96	185	83	34	58	29	52	37	41
382	0	repeat gene|repeat::tRNA;gene::TOR3A	1818	312	827	708	332	224	22	642	278	550
383	0	repeat|tRNA::tRNA-Gln-CTG-1-1;repeat::tRNA;piRNA::piR-hsa-28527;tRNA::tRNA-Gln-CTG-1-1;repeat::tRNA;piRNA::piR-hsa-28527;tRNA::tRNA-Gln-CTG-1-5;repeat::tRNA;piRNA::piR-hsa-28527;tRNA::tRNA-Gln-CTG-1-3;repeat::tRNA;piRNA::piR-hsa-28527;tRNA::tRNA-Gln-CTG-2-1;repeat::tRNA;piRNA::piR-hsa-28527;tRNA::tRNA-Gln-CTG-2-1;repeat::tRNA;piRNA::piR-hsa-28527;tRNA::tRNA-Gln-CTG-2-1;repeat::tRNA;piRNA::piR-hsa-28527;tRNA::tRNA-Gln-CTG-1-4;repeat::tRNA;piRNA::piR-hsa-28527;tRNA::tRNA-Gln-CTG-1-2;repeat::tRNA;piRNA::piR-hsa-28527;tRNA::tRNA-Gln-CTG-1-2;repeat::tRNA;piRNA::piR-hsa-28527;tRNA::tRNA-Gln-CTG-1-2;repeat::tRNA;piRNA::piR-hsa-28527	10614	2881	5904	3108	1674	2581	1323	2860	2199	2407
384	0	gene miRNA|gene::MIR15A,DLEU2,DLEU2,DLEU2,DLEU2,DLEU2,DLEU2,DLEU2;miRNA::hsa-miR-15a-3p,hsa-miR-15a-5p	2612	1710	1933	748	666	275	266	737	392	677
385	0	|	14	0	9	6	0	0	0	0	0	35
386	0	tRNA repeat|tRNA::tRNA-Ser-TGA-1-1;repeat::tRNA	4606	3178	4824	1400	634	1100	403	1371	1716	580
387	0	gene|gene::LOC101929596	15	0	6	3	3	0	0	0	0	41
388	0	gene ncrna|gene::SNORD52,C6orf48,C6orf48,C6orf48,C6orf48,C6orf48,C6orf48,C6orf48,C6orf48,C6orf48;gene::C6orf48,C6orf48,C6orf48,C6orf48,C6orf48,C6orf48,C6orf48,SNORD52,C6orf48,C6orf48;gene::C6orf48,C6orf48,C6orf48,C6orf48,C6orf48,C6orf48,C6orf48,C6orf48,C6orf48,SNORD52;ncrna::U52;gene::C6orf48,C6orf48,C6orf48,C6orf48,C6orf48,C6orf48,C6orf48,C6orf48,C6orf48,SNORD52;ncrna::U52;gene::C6orf48,C6orf48,C6orf48,C6orf48,C6orf48,C6orf48,SNORD52,C6orf48,C6orf48,C6orf48;ncrna::U52	1670	1980	2444	558	566	359	335	463	585	456
389	0	gene miRNA piRNA|gene::MIR182;miRNA::hsa-miR-182-3p,hsa-miR-182-5p;piRNA::piR-hsa-26131	1624	817	4754	1136	371	1156	228	881	1464	751
390	0	gene miRNA piRNA|gene::MCM7,MCM7,MIR106B,MCM7;miRNA::hsa-miR-106b-5p,hsa-miR-106b-3p;piRNA::piR-hsa-29218	3854	2099	2947	1143	801	611	569	965	824	915
391	0	repeat|repeat::snRNA	3130	201	758	547	14	175	241	0	333	2199
392	0	ncrna repeat gene|ncrna::U8;repeat::snRNA;gene::TMEM107,TMEM107,TMEM107,TMEM107,TMEM107,TMEM107	291	801	1119	74	304	412	287	431	87	364
393	0	gene|gene::LDHA,LDHA,LDHA,LDHA,LDHA,LDHA	35	0	16	15	0	0	3	0	0	64
394	0	|	23	0	3	8	0	0	3	3	0	26
395	0	gene miRNA|gene::MIR27B,C9orf3,C9orf3;miRNA::hsa-miR-27b-5p,hsa-miR-27b-3p	13589	5183	6382	10491	6709	5760	3380	5640	5118	6839
396	0	gene miRNA|gene::MIR27A;miRNA::hsa-miR-27a-5p,hsa-miR-27a-3p	3507	4728	4742	2406	3078	2637	386	1863	2159	1803
397	0	tRNA repeat piRNA|tRNA::tRNA-Arg-TCT-1-1;repeat::tRNA;piRNA::piR-hsa-31280,piR-hsa-32299	119	124	163	74	76	35	3	54	44	134
398	0	tRNA repeat gene|tRNA::tRNA-Arg-CCT-2-1;repeat::tRNA;gene::KCTD2	1326	233	408	795	208	638	110	506	533	500
399	0	repeat|repeat::tRNA;repeat::tRNA;repeat::tRNA;repeat::tRNA;repeat::tRNA;tRNA::tRNA-Arg-CCG-1-2;repeat::tRNA;piRNA::piR-hsa-12423,piR-hsa-1008,piR-hsa-11341,piR-hsa-17520;tRNA::tRNA-Arg-CCG-1-2;repeat::tRNA;piRNA::piR-hsa-12423,piR-hsa-1008,piR-hsa-11341,piR-hsa-17520;tRNA::tRNA-Arg-CCG-1-3;repeat::tRNA;piRNA::piR-hsa-1008,piR-hsa-17520,piR-hsa-12423;tRNA::tRNA-Arg-CCG-1-1;repeat::tRNA;piRNA::piR-hsa-12423,piR-hsa-1008,piR-hsa-17520;tRNA::tRNA-Arg-CCG-1-1;repeat::tRNA;piRNA::piR-hsa-12423,piR-hsa-1008,piR-hsa-17520;tRNA::tRNA-Arg-CCG-1-1;repeat::tRNA;piRNA::piR-hsa-12423,piR-hsa-1008,piR-hsa-17520;tRNA::tRNA-Arg-CCG-1-1;repeat::tRNA;piRNA::piR-hsa-12423,piR-hsa-1008,piR-hsa-17520;tRNA::tRNA-Arg-CCG-1-1;repeat::tRNA;piRNA::piR-hsa-12423,piR-hsa-1008,piR-hsa-17520;tRNA::tRNA-Arg-CCG-1-1;repeat::tRNA;piRNA::piR-hsa-12423,piR-hsa-1008,piR-hsa-17520	81	30	33	18	15	11	6	28	26	10
400	0	tRNA repeat|tRNA::tRNA-Arg-TCG-1-1;repeat::tRNA	145	218	226	37	158	78	17	26	125	35
401	0	tRNA repeat|tRNA::tRNA-Arg-CCG-2-1;repeat::tRNA	24	13	22	3	7	0	3	9	6	19
402	0	tRNA piRNA repeat gene|tRNA::tRNA-Arg-CCT-4-1;piRNA::piR-hsa-426;repeat::tRNA;gene::FMC1,FMC1,FMC1,LUC7L2	75	22	92	80	14	4	3	22	9	46
403	0	tRNA repeat|tRNA::tRNA-Arg-TCG-2-1;repeat::tRNA	573	166	292	113	58	101	48	61	52	125
404	0	gene miRNA|gene::MIR146A,MIR3142HG;miRNA::hsa-miR-146a-5p,hsa-miR-146a-3p	148464	37779	29392	200625	175995	194586	26574	149472	153599	112361
405	0	gene miRNA|gene::MIR146B;miRNA::hsa-miR-146b-5p,hsa-miR-146b-3p	73387	16022	16975	50360	19222	31747	15609	24076	27546	38709
406	0	repeat gene|repeat::DNA;gene::LOC100420587	14	3	29	36	9	6	19	9	10	17
407	0	piRNA|piRNA::piR-hsa-1701,piR-hsa-20266	26988	7733	8008	7680	856	1526	4601	2986	1958	49453
408	0	gene|gene::PCBD2	13	0	10	3	3	0	7	0	0	51
409	0	gene|gene::PCBD2	52	0	38	9	0	0	10	0	0	80
410	0	gene miRNA|gene::MIR155HG,MIR155;miRNA::hsa-miR-155-5p,hsa-miR-155-3p	353366	219438	219098	199770	120862	103467	79843	125149	79965	153325
411	0	repeat gene|repeat::snRNA;gene::TMC5,TMC5,TMC5,TMC5,TMC5;repeat::snRNA;gene::TMC5,TMC5,TMC5,TMC5,TMC5;repeat::snRNA;gene::TMC5,TMC5,TMC5,TMC5,TMC5;repeat::snRNA;gene::TMC5,TMC5,TMC5,TMC5,TMC5;repeat::snRNA;gene::TMC5,TMC5,TMC5,TMC5,TMC5	211	9524	22648	67	52	34	36	54	244	62
412	0	ncrna gene|ncrna::mgU2-19/30;gene::SCARNA9,CEP295	20	13	64	17	0	3	7	3	0	22
413	0	gene|gene::ACTB	17	0	25	19	0	0	0	0	0	167
414	0	gene|gene::POTEM;piRNA::piR-hsa-10380;gene::POTEF;piRNA::piR-hsa-10380;gene::SYN2,SYN2;piRNA::piR-hsa-10380;gene::POTEE;piRNA::piR-hsa-10380;gene::POTEE;piRNA::piR-hsa-10380;gene::POTEE;piRNA::piR-hsa-10380;gene::ACTA1;piRNA::piR-hsa-10380;gene::KDM4C,KDM4C,KDM4C,KDM4C,KDM4C,KDM4C,KDM4C,KDM4C,KDM4C,KDM4C,KDM4C,KDM4C,KDM4C,KDM4C,KDM4C;piRNA::piR-hsa-10380;gene::POTEJ;piRNA::piR-hsa-10380;gene::POTEJ;piRNA::piR-hsa-10380;gene::POTEJ;piRNA::piR-hsa-10380;gene::POTEI;piRNA::piR-hsa-10380;gene::LOC101928882;piRNA::piR-hsa-10380;gene::LOC101928882;piRNA::piR-hsa-10380;gene::LOC101928882;piRNA::piR-hsa-10380	21	0	21	9	0	0	11	0	0	71
415	0	repeat gene|repeat::Simple_repeat;gene::RNA45SN5,RNA45SN2,RNA45SN3,LOC100507412,RNA45SN1,RNA45SN4;repeat::Simple_repeat;gene::RNA45SN5,RNA45SN2,RNA45SN3,LOC100507412,RNA45SN1,RNA45SN4	474	12	113	76	18	21	39	21	22	576
416	0	|	43	0	15	7	0	0	10	0	0	38
417	0	|tRNA::tRNA-Glu-CTC-1-6;repeat::tRNA;piRNA::piR-hsa-24672,piR-hsa-23289;tRNA::tRNA-Glu-CTC-1-6;repeat::tRNA;piRNA::piR-hsa-24672,piR-hsa-23289;tRNA::tRNA-Glu-CTC-1-6;repeat::tRNA;piRNA::piR-hsa-24672,piR-hsa-23289;tRNA::tRNA-Glu-CTC-1-7;repeat::tRNA;piRNA::piR-hsa-24672,piR-hsa-23289;tRNA::tRNA-Glu-CTC-1-1;gene::NBPF20,NBPF10,NBPF19,NBPF10;repeat::tRNA;piRNA::piR-hsa-23289,piR-hsa-24672;tRNA::tRNA-Glu-CTC-1-1;gene::NBPF20,NBPF10,NBPF19,NBPF10;repeat::tRNA;piRNA::piR-hsa-23289,piR-hsa-24672;tRNA::tRNA-Glu-CTC-1-1;gene::NBPF20,NBPF10,NBPF19,NBPF10;repeat::tRNA;piRNA::piR-hsa-23289,piR-hsa-24672;tRNA::tRNA-Glu-CTC-1-2;gene::NBPF20,NBPF10,NBPF19,NBPF10;repeat::tRNA;piRNA::piR-hsa-23289;tRNA::tRNA-Glu-CTC-1-2;gene::NBPF20,NBPF10,NBPF19,NBPF10;repeat::tRNA;piRNA::piR-hsa-23289;tRNA::tRNA-Glu-CTC-1-3;gene::NBPF20,NBPF10,NBPF19,NBPF10;repeat::tRNA;piRNA::piR-hsa-23289;tRNA::tRNA-Glu-CTC-1-3;gene::NBPF20,NBPF10,NBPF19,NBPF10;repeat::tRNA;piRNA::piR-hsa-23289;tRNA::tRNA-Glu-CTC-2-1;gene::NBPF20,NBPF10,NBPF19,NBPF10;repeat::tRNA;piRNA::piR-hsa-24672,piR-hsa-23289;tRNA::tRNA-Glu-CTC-1-4;gene::NBPF20,NBPF10,NBPF19,NBPF10;repeat::tRNA;piRNA::piR-hsa-23289;tRNA::tRNA-Glu-CTC-1-5;gene::NBPF20,NBPF10,NBPF19,NBPF10;repeat::tRNA;piRNA::piR-hsa-23289	7562	3207	5464	3425	859	2208	1639	2835	2368	1597
418	0	tRNA repeat gene|tRNA::tRNA-Glu-TTC-4-1;repeat::tRNA;gene::LINC01783,LOC440570;tRNA::tRNA-Glu-TTC-4-2;repeat::tRNA;gene::LINC01783,LOC440570;tRNA::tRNA-Glu-TTC-3-1;repeat::tRNA;gene::LOC440570	141	66	84	164	21	58	15	82	58	39
419	0	repeat|repeat::tRNA	216	762	1242	11	33	5	29	3	23	285
420	0	repeat|repeat::LTR	11	32	83	5	16	0	0	7	5	143
421	0	gene miRNA|gene::RCL1,RCL1,MIR101-2,RCL1,RCL1;miRNA::hsa-miR-101-3p;gene::MIR101-1,JAK1,JAK1,JAK1;miRNA::hsa-miR-101-3p	1865	3639	2113	665	890	444	271	449	708	1256
422	0	ncrna gene|ncrna::U89;gene::SCARNA12,PHB2,PHB2	189	43	70	30	24	4	27	15	11	136
423	0	gene|gene::ACTB	38	0	3	10	0	0	3	0	0	11
424	0	ncrna gene|ncrna::U81;gene::GAS5,GAS5,GAS5,GAS5,GAS5,GAS5,GAS5,GAS5,GAS5,GAS5,GAS5,GAS5,GAS5,SNORD81,GAS5,GAS5	3973	2940	2180	1307	1587	1031	1366	1268	1582	1968
425	0	ncrna gene|ncrna::U45C;gene::SNORD45C,RABGGTB,RABGGTB;ncrna::U45A;gene::RABGGTB,RABGGTB,SNORD45A	4536	9143	14476	1894	811	911	1536	655	599	3802
426	0	ncrna gene|ncrna::U45B;gene::SNORD45B,RABGGTB,RABGGTB	229	678	1626	133	99	67	221	60	65	0
427	0	ncrna gene|ncrna::U37;gene::SNORD37,EEF2,MIR1268A	1653	565	712	702	233	399	604	284	388	465
428	0	|	487	13	137	123	12	3	71	0	4	866
429	0	piRNA|piRNA::piR-hsa-15022,piR-hsa-15023	130	4	19	6	0	0	29	0	0	206
430	0	gene miRNA|gene::MIR181C,NANOS3,NANOS3,NANOS3;miRNA::hsa-miR-181c-3p,hsa-miR-181c-5p	3573	2429	3527	1079	3419	1183	846	2343	896	909
431	0	gene miRNA|gene::MIR181A2HG,NR6A1,NR6A1,NR6A1,MIR181A2;miRNA::hsa-miR-181a-5p,hsa-miR-181a-2-3p;gene::MIR181A1,MIR181A1HG;miRNA::hsa-miR-181a-5p,hsa-miR-181a-3p	463003	41510	86261	133850	49415	71364	89039	256250	35425	54696
432	0	gene miRNA|gene::MIR181D,NANOS3,NANOS3,NANOS3;miRNA::hsa-miR-181d-5p	170	97	203	51	301	90	84	107	60	112
433	0	gene miRNA|gene::NR6A1,NR6A1,NR6A1,MIR181B2,MIR181A2HG;miRNA::hsa-miR-181b-5p;gene::MIR181B1,MIR181A1HG;miRNA::hsa-miR-181b-5p,hsa-miR-181b-3p	21728	2962	8873	5722	3342	2373	5522	9463	1741	3349
434	0	gene miRNA|gene::MIR30C1,NFYC,NFYC,NFYC,NFYC,NFYC,NFYC,NFYC;miRNA::hsa-miR-30c-1-3p,hsa-miR-30c-5p;gene::MIR30C2;miRNA::hsa-miR-30c-5p	7828	14810	19694	4794	4613	3121	3289	3195	3363	2620
435	0	gene miRNA|gene::MIR30B;miRNA::hsa-miR-30b-5p,hsa-miR-30b-3p	2316	4892	8171	1294	733	1137	688	2259	1145	546
436	0	gene miRNA|gene::MIR193B,MIR193BHG,MIR193BHG;miRNA::hsa-miR-193b-5p,hsa-miR-193b-3p	4268	5815	8156	3156	1629	2298	705	1725	1238	1354
437	0	ncrna gene|ncrna::U76;gene::GAS5,GAS5,GAS5,GAS5,SNORD76,GAS5,GAS5,GAS5,GAS5,GAS5,GAS5,GAS5,GAS5,GAS5,GAS5,GAS5	374	183	429	142	39	29	111	57	33	232
438	0	repeat gene|repeat::snRNA;gene::HSPA8,HSPA8	1756	631	1584	519	361	169	774	109	133	1509
439	0	repeat gene|repeat::snRNA;gene::HSPA8,HSPA8	6621	40	7630	566	3	1038	1353	627	12	847
440	0	repeat gene|repeat::snRNA;gene::HSPA8,HSPA8	1900	1116	3393	383	163	148	443	129	71	1168
441	0	ncrna repeat gene|ncrna::U14B;repeat::snRNA;gene::RPS13	7	0	6	0	4	0	0	0	0	46
442	0	ncrna repeat gene|ncrna::U14A;repeat::snRNA;gene::RPS13	50	39	45	7	6	9	30	3	3	93
443	0	|	36	0	0	0	0	0	0	0	0	0
444	0	gene miRNA|gene::MIR34A,MIR34AHG;miRNA::hsa-miR-34a-5p,hsa-miR-34a-3p	1299	3492	1559	574	564	628	218	359	473	1374
445	0	ncrna gene|ncrna::U22;gene::SNHG1,SNHG1,SNHG1,SNHG1,SNHG1,SNORD22,SNHG1,SNHG1,SNHG1,SNHG1,SNHG1,SNHG1,SNHG1	17	51	65	3	10	3	0	0	5	21
446	0	piRNA|piRNA::piR-hsa-1011,piR-hsa-12425,piR-hsa-21509,piR-hsa-21508,piR-hsa-27208	1543	314	581	962	335	389	324	276	316	2247
447	0	|	20	4	7	76	12	6	0	0	9	37
448	0	gene miRNA|gene::NSRP1,NSRP1,MIR3184,MIR423;miRNA::hsa-miR-423-5p,hsa-miR-423-3p,hsa-miR-3184-5p,hsa-miR-3184-3p	27157	9820	14881	13407	9374	5384	3442	6144	6653	8977
449	0	gene ncrna piRNA|gene::SNORD62B,SNORD62A,PRRC2B;piRNA::piR-hsa-28318,piR-hsa-28319;ncrna::U62A;gene::SNORD62B,SNORD62A,PRRC2B;piRNA::piR-hsa-28318,piR-hsa-28319;ncrna::U62B	489	331	415	301	61	52	112	56	46	182
450	0	repeat gene|repeat::LTR,LTR;gene::PPARA,PPARA,PPARA,PPARA	270561	17866	117585	123050	35379	23620	3677	82198	32651	102269
451	0	repeat|repeat::LTR;repeat::LTR;repeat::LTR	230	7	40	135	89	25	7	50	37	60
452	0	repeat gene|repeat::LTR;gene::TBL1Y,TBL1Y,TBL1Y	123	25	153	0	0	196	9	697	0	112
453	0	repeat gene|repeat::LTR,LTR;gene::GRM5,GRM5;repeat::LTR;gene::LOC440040	1386	69	217	761	848	397	45	721	323	460
454	0	tRNA repeat|tRNA::tRNA-Pro-TGG-3-2;repeat::tRNA;tRNA::tRNA-Pro-TGG-3-4;repeat::tRNA;tRNA::tRNA-Pro-AGG-2-4;repeat::tRNA;tRNA::tRNA-Pro-TGG-3-5;repeat::tRNA;tRNA::tRNA-Pro-TGG-3-3;repeat::tRNA;tRNA::tRNA-Pro-TGG-3-1;repeat::tRNA	16714	2468	7681	5120	3848	2800	1320	4745	2848	3891
455	0	tRNA repeat piRNA|tRNA::tRNA-Pro-TGG-2-1;repeat::tRNA;piRNA::piR-hsa-28223	213	47	56	42	29	24	4	54	23	54
456	0	gene miRNA|gene::MIR339,C7orf50,C7orf50,C7orf50,C7orf50,C7orf50,C7orf50,C7orf50,C7orf50,C7orf50,C7orf50,C7orf50,C7orf50;miRNA::hsa-miR-339-5p,hsa-miR-339-3p	2518	3341	2212	1854	1644	984	289	1383	730	669
457	0	|	1090	2568	5411	811	529	343	231	123	314	529
458	0	gene miRNA|gene::MIR363;miRNA::hsa-miR-363-3p,hsa-miR-363-5p	4667	1140	6890	3869	68	1495	2248	2842	226	201
459	0	gene|gene::ACTG1,ACTG1,ACTG1	25	0	3	10	0	0	0	0	0	86
460	1839	repeat piRNA|repeat::scRNA;piRNA::piR-hsa-32187,piR-hsa-32161,piR-hsa-32162,piR-hsa-32159,piR-hsa-32160,piR-hsa-32179,piR-hsa-32167,piR-hsa-32158	528865	196459	586612	212242	71680	87274	72306	89055	128914	87097
461	0	repeat gene|repeat::snRNA;gene::PTCH2	5	89	605	3	0	0	3	0	0	3
462	0	repeat|repeat::snRNA	42	737	1487	69	48	14	6	23	27	224
463	0	repeat gene|repeat::snRNA;gene::HHAT,HHAT,HHAT,HHAT,HHAT,HHAT	0	22	51	0	0	0	0	0	0	0
464	0	repeat gene|repeat::snRNA;gene::ARMH1	3	494	1418	3	3	0	9	0	0	3
465	0	repeat|repeat::snRNA	20	536	1089	14	8	0	13	0	0	13
466	0	repeat|repeat::snRNA	313	905	5678	113	59	70	66	50	72	52
467	0	tRNA repeat|tRNA::tRNA-Trp-CCA-3-2;repeat::tRNA	93	4	15	67	54	34	0	53	7	25
468	0	gene|gene::BCYRN1,LOC100132741,LINC00891;gene::MS4A15,MS4A15,MS4A15,MS4A15	4545	828	2636	1539	601	370	57	1151	408	1516
469	0	tRNA repeat gene|tRNA::tRNA-Trp-CCA-1-1;repeat::tRNA;gene::LINC00324	9	11	12	28	0	9	7	28	0	10
470	0	piRNA|piRNA::piR-hsa-20266,piR-hsa-20616	9495	2188	1478	1944	797	471	963	227	453	15408
471	0	gene|gene::VPS13B,VPS13B	40	0	12	7	0	0	8	0	0	64
472	0	gene|gene::PCBD2	41	33	22	0	0	3	3	0	0	70
473	0	|	16	6	10	3	0	0	0	0	0	25
474	0	gene|gene::LINC00609	452	177	58	106	129	65	18	86	76	186
475	0	repeat piRNA|repeat::tRNA;repeat::tRNA;piRNA::piR-hsa-26940	4208	4062	2966	1350	1480	522	606	433	580	3800
476	0	repeat gene|repeat::Low_complexity,Simple_repeat;gene::RNA5-8SN5,RNA5-8SN4,RNA5-8SN3,RNA5-8SN1,RNA5-8SN2;repeat::Low_complexity,Simple_repeat;gene::RNA5-8SN5,RNA5-8SN4,RNA5-8SN3,RNA5-8SN1,RNA5-8SN2,RNA45SN5,RNA45SN2,RNA45SN3,LOC100507412,RNA45SN1,RNA45SN4	192617	148080	237846	140906	47551	101875	28569	92044	55966	201679
477	0	gene|gene::CD74,CD74,CD74,CD74,CD74,CD74	0	0	3	0	0	0	0	0	0	56
478	0	gene miRNA|gene::MIR191,NDUFAF3,DALRD3;miRNA::hsa-miR-191-5p,hsa-miR-191-3p	199069	92042	86211	143749	96483	126696	68114	81483	95503	84137
479	0	|	20	0	34	0	0	0	0	0	0	160
480	0	gene miRNA|gene::MIR148B,COPZ1,COPZ1,COPZ1,COPZ1,COPZ1;miRNA::hsa-miR-148b-5p,hsa-miR-148b-3p	4132	3454	3156	2104	1313	1849	1549	1443	1673	1880
481	0	gene miRNA|gene::MIR148A;miRNA::hsa-miR-148a-5p,hsa-miR-148a-3p	121369	92333	78931	66200	21105	48943	37490	22669	46395	51576
482	1475	piRNA repeat gene|piRNA::piR-hsa-26925,piR-hsa-2154,piR-hsa-2155,piR-hsa-1847,piR-hsa-26492,piR-hsa-28841,piR-hsa-30734,piR-hsa-26940,piR-hsa-30636,piR-hsa-21622,piR-hsa-9491,piR-hsa-26681,piR-hsa-26684,piR-hsa-26685,piR-hsa-26686,piR-hsa-15022,piR-hsa-15023,piR-hsa-1701,piR-hsa-28875,piR-hsa-1848,piR-hsa-1849,piR-hsa-12275,piR-hsa-23555,piR-hsa-7116,piR-hsa-27007,piR-hsa-12487,piR-hsa-12488,piR-hsa-27729,piR-hsa-27730,piR-hsa-27731,piR-hsa-27728,piR-hsa-28205,piR-hsa-23919;repeat::rRNA,tRNA,tRNA,tRNA;gene::RNR2,RNR1	2204554	882245	1777043	1318578	456747	286963	480940	220255	222959	3953719
483	0	gene|gene::RNU12	208	105	199	105	53	54	36	69	48	128
484	0	gene ncrna piRNA|gene::AP1G1,AP1G1,SNORD71;piRNA::piR-hsa-32163,piR-hsa-3200,piR-hsa-32260,piR-hsa-32172,piR-hsa-32256,piR-hsa-32180;ncrna::HBII-239	227	43	60	88	20	19	22	8	11	122
485	0	repeat gene|repeat::Low_complexity,Low_complexity;repeat::Low_complexity,Low_complexity;gene::RNA45SN5,RNA45SN2,RNA45SN3,LOC100507412,RNA45SN1,RNA45SN4	10	3	3	3	6	0	0	3	0	79
486	0	gene miRNA|gene::MIRLET7F1;miRNA::hsa-let-7f-1-3p	65	51	133	38	14	27	25	11	31	27
487	0	ncrna gene|ncrna::U101;gene::SNORD101,RPS12	428	171	416	110	52	51	84	30	49	128
488	0	gene|gene::RPL10,RPL10,RPL10,RPL10,RPL10,RPL10;gene::RPL10,RPL10,RPL10,RPL10,RPL10,RPL10;gene::RPL10,RPL10,RPL10,RPL10,RPL10,RPL10;gene::RPL10,RPL10,RPL10,RPL10,RPL10,RPL10;gene::RPL10,RPL10,RPL10,RPL10,RPL10,RPL10;gene::RPL10L	13	8	6	3	0	0	0	0	0	26
489	0	gene miRNA|gene::MIR212;miRNA::hsa-miR-212-3p,hsa-miR-212-5p	43	96	17	4	68	11	3	22	30	49
490	0	gene|gene::MRPL32,MRPL32	394	110	59	362	188	277	168	251	416	156
491	0	gene|gene::RPS16,RPS16,RPS16	14	0	0	6	0	0	7	0	0	66
492	0	ncrna gene|ncrna::U77;gene::GAS5,GAS5,GAS5,GAS5,GAS5,GAS5,GAS5,GAS5,GAS5,GAS5,GAS5,GAS5,SNORD77,GAS5,GAS5,GAS5	626	674	648	288	131	82	297	79	94	293
493	0	|	26	3	0	0	0	0	0	0	0	12
494	0	gene|gene::EEF1A1	55	0	13	11	0	0	3	0	5	60
495	0	gene ncrna piRNA|gene::SNHG12,SNHG12,SNHG12,SNHG12,SNHG12,SNHG12,SNHG12,SNHG12,SNORA61;piRNA::piR-hsa-28593;ncrna::ACA61	46	19	39	32	4	4	7	0	0	30
496	0	gene ncrna piRNA|gene::SNORD36C,RPL7A;piRNA::piR-hsa-14419;ncrna::U36C	58	42	69	17	6	3	20	0	12	42
497	0	gene ncrna piRNA|gene::RPL13A,SNORD34,RPL13A,RPL13AP5,RPL13A;piRNA::piR-hsa-23662,piR-hsa-21353,piR-hsa-23663;ncrna::U34	310	266	423	53	60	20	36	16	17	255
498	0	ncrna gene|ncrna::E2;gene::SNORA62,RPSA,RPSA	28	18	16	21	3	0	0	0	3	58
499	0	gene|gene::AMBRA1,AMBRA1,AMBRA1,AMBRA1	13	0	0	6	0	0	3	0	0	15
500	0	gene|gene::PRDM6	163	60	308	105	42	54	57	40	43	248
501	0	ncrna gene|ncrna::ACA26;gene::KHDC4,SCARNA4	23	7	3	4	0	0	3	0	0	33
502	0	ncrna gene|ncrna::SNORD119;gene::SNRPB,SNRPB,SNORD119	596	226	386	258	132	82	229	63	71	191
503	0	repeat miRNA gene|repeat::LINE,LINE;miRNA::hsa-miR-28-5p,hsa-miR-28-3p;gene::MIR28,LPP,LPP,LPP	2119	123	457	414	161	251	277	243	195	265
504	0	gene miRNA|gene::TTF2,MIR942;miRNA::hsa-miR-942-5p,hsa-miR-942-3p	218	88	102	103	111	43	11	37	55	73
505	0	ncrna gene|ncrna::U85;gene::SCARNA10,NCAPD2	9	46	10	6	4	0	0	0	3	0
506	0	gene miRNA|gene::MIR3176,CAPN15;miRNA::hsa-miR-3176	61	0	20	19	7	0	12	13	33	31
507	0	ncrna miRNA gene|ncrna::ACA36B;miRNA::hsa-miR-664a-3p,hsa-miR-664a-5p;gene::MIR664A,SNORA36B,RAB3GAP2	310	361	177	216	53	154	70	162	117	135
508	0	gene miRNA|gene::MAP2K4,MIR744,MAP2K4;miRNA::hsa-miR-744-5p	258	368	621	129	219	128	69	74	110	136
509	0	gene|gene::RPL4	9	0	0	3	0	0	3	0	0	32
510	0	gene miRNA|gene::MIRLET7I;miRNA::hsa-let-7i-3p	316	51	95	152	19	59	13	123	35	42
511	0	gene|gene::AEBP2,AEBP2,AEBP2,AEBP2;gene::AEBP2,AEBP2,AEBP2,AEBP2;gene::AEBP2,AEBP2,AEBP2,AEBP2;gene::C5orf34;gene::EEF1A1;gene::EEF1A1;gene::EEF1A1	37	3	6	11	0	0	10	0	0	52
512	0	gene|gene::TPD52,TPD52,TPD52,TPD52,TPD52,TPD52,TPD52,TPD52,TPD52,TPD52,TPD52,TPD52	113	15	39	21	3	12	29	10	20	18
513	0	gene miRNA|gene::MIR24-2,LOC284454;miRNA::hsa-miR-24-3p,hsa-miR-24-2-5p	988	995	1232	676	541	1097	130	713	607	504
514	0	ncrna gene|ncrna::HBII-99B;gene::ZFAS1,ZFAS1,ZFAS1,ZFAS1,ZFAS1,SNORD12B	660	375	638	118	124	27	105	12	65	397
515	0	repeat gene|repeat::SINE;gene::MYO1B,MYO1B,MYO1B,MYO1B,MYO1B	55	16	73	11	4	0	0	0	0	5
516	0	repeat gene|repeat::SINE;gene::STK17B	0	85	236	0	0	0	0	0	0	0
517	0	repeat|repeat::LINE	1795	7942	16002	1591	82	93	98	109	118	706
518	0	gene|gene::DIAPH1,DIAPH1,DIAPH1	361	150	935	273	4	6	18	10	4	193
519	0	piRNA gene|piRNA::piR-hsa-12042;piRNA::piR-hsa-12042;gene::RPS10,RPS10,RPS10-NUDT3,RPS10;piRNA::piR-hsa-12042;gene::AMBRA1,AMBRA1,AMBRA1,AMBRA1	18	0	3	6	0	0	0	0	0	65
520	0	|	41	0	7	3	0	0	0	0	0	160
521	0	gene piRNA|gene::ACTB;piRNA::piR-hsa-30488	88	0	80	33	0	0	13	0	0	372
522	0	ncrna gene|ncrna::U96a;gene::SNORD96A,RACK1	826	476	636	273	96	55	97	40	45	512
523	0	repeat miRNA gene|repeat::SINE;miRNA::hsa-miR-1304-5p,hsa-miR-1304-3p;gene::MIR1304,TAF1D,TAF1D	249	115	213	84	52	43	218	29	76	62
524	0	gene|gene::ACTB;gene::KDM4C,KDM4C,KDM4C,KDM4C,KDM4C,KDM4C,KDM4C,KDM4C,KDM4C,KDM4C,KDM4C,KDM4C,KDM4C,KDM4C,KDM4C;gene::KDM4C,KDM4C,KDM4C,KDM4C,KDM4C,KDM4C,KDM4C,KDM4C,KDM4C,KDM4C,KDM4C,KDM4C,KDM4C,KDM4C,KDM4C	20	0	31	11	0	0	3	0	0	112
525	0	repeat gene|repeat::LTR;gene::KLF12	86	5	7	3	5	3	4	17	23	10
526	0	gene miRNA|gene::MIR183;miRNA::hsa-miR-183-5p	116	65	364	135	126	282	19	176	282	87
527	0	gene|gene::ACTB	0	0	21	7	0	0	0	0	0	117
528	0	gene miRNA|gene::MIR93,MCM7,MCM7,MCM7;miRNA::hsa-miR-93-5p,hsa-miR-93-3p	5457	4479	7826	2251	1706	1710	1933	1710	2050	1568
529	0	ncrna gene|ncrna::U69;gene::SNORA69,RPL39	243	258	111	303	325	190	36	92	172	374
530	0	ncrna gene|ncrna::SNORD127;gene::SNORD127,PRPF39	19	89	79	7	11	3	3	4	0	27
531	0	repeat|repeat::RNA	3492	137	2048	298	51	85	765	16	69	4875
532	0	ncrna gene|ncrna::HBII-166;gene::CKAP5,SNORD67,CKAP5	40	26	18	6	13	8	0	13	0	52
533	0	ncrna gene|ncrna::U22;gene::SNHG1,SNHG1,SNHG1,SNHG1,SNHG1,SNHG1,SNHG1,SNORD22,SNHG1,SNHG1,SNHG1,SNHG1,SNHG1	295	1248	1992	143	71	46	37	68	56	183
534	0	ncrna gene|ncrna::HBI-100;gene::SCARNA3,COP1,COP1,COP1	206	59	46	47	36	25	3	69	24	48
535	0	gene|gene::HUWE1	2072	188	412	958	209	702	496	791	713	321
536	0	ncrna gene|ncrna::U79;gene::SNORD79,GAS5,GAS5,GAS5,GAS5,GAS5,GAS5,GAS5,GAS5,GAS5,GAS5,GAS5,GAS5,GAS5,GAS5,GAS5	29	38	72	13	0	0	0	0	4	19
537	0	ncrna gene|ncrna::U95;gene::RACK1,SNORD95	904	557	580	569	200	172	183	170	131	965
538	0	|	96	0	19	17	0	0	33	0	0	185
539	0	gene miRNA|gene::MIR505,ATP11C,ATP11C,ATP11C;miRNA::hsa-miR-505-5p,hsa-miR-505-3p	55	169	370	18	19	31	34	27	23	16
540	0	repeat|repeat::LINE,SINE	41	3	3	34	0	10	0	20	10	16
541	0	|	44	0	9	3	0	0	7	0	0	81
542	0	gene ncrna piRNA|gene::SCARNA5,ATG16L1,ATG16L1,ATG16L1,ATG16L1,ATG16L1,ATG16L1;piRNA::piR-hsa-28487,piR-hsa-32375,piR-hsa-32580;ncrna::U87	50	24	14	22	20	15	13	6	15	14
543	0	tRNA repeat gene|tRNA::tRNA-Asn-GTT-8-1;repeat::tRNA;gene::LOC101929798	0	0	20	3	7	10	0	0	12	15
544	0	tRNA repeat|tRNA::tRNA-Asn-GTT-12-1;repeat::tRNA	25	24	50	7	14	15	0	42	37	21
545	0	ncrna gene|ncrna::ACA18;gene::SNORA18,TAF1D,TAF1D	36	23	16	16	9	0	7	0	0	58
546	0	gene miRNA|gene::TP63,TP63,TP63,TP63,TP63,TP63,TP63,TP63,TP63,TP63,TP63,TP63,MIR944,TP63;miRNA::hsa-miR-944	80	69	27	5	32	0	0	0	0	3
547	0	gene ncrna piRNA|gene::SNHG16,SNORD1B,SNHG16,SNHG16,SNHG16;piRNA::piR-hsa-28629,piR-hsa-26039;ncrna::snR38B	415	133	146	200	119	229	95	156	166	155
548	0	gene|gene::ARHGAP39,ARHGAP39,ARHGAP39	1278	250	1086	445	104	150	9	337	224	363
549	0	gene miRNA|gene::MIR7706,AKAP13,AKAP13;miRNA::hsa-miR-7706	1437	205	320	475	171	409	335	509	245	376
550	0	gene|gene::RPL28,RPL28,RPL28,RPL28,RPL28,RPL28	28	0	3	6	0	0	3	0	0	22
551	0	tRNA repeat|tRNA::tRNA-SeC-TCA-1-1;repeat::tRNA	36	92	73	29	7	11	12	9	0	18
552	0	repeat gene|repeat::scRNA;gene::PARD3,PARD3,PARD3,PARD3,PARD3,PARD3,PARD3,PARD3	374	169	427	248	77	78	55	101	128	92
553	0	ncrna gene|ncrna::U46;gene::RPS8,SNORD46	55	177	273	38	9	0	0	0	8	51
554	0	gene miRNA|gene::MIR197;miRNA::hsa-miR-197-5p,hsa-miR-197-3p	945	565	1162	542	254	272	163	251	263	728
555	0	gene ncrna piRNA|gene::EEF1B2,EEF1B2,EEF1B2,SNORD51;piRNA::piR-hsa-1823;ncrna::U51	160	97	88	49	39	34	24	35	33	17
556	0	ncrna repeat gene|ncrna::U17b;repeat::snRNA;gene::SNORA73B,RCC1,SNHG3,RCC1,RCC1,SNHG3	10	15	22	8	17	0	0	0	0	60
557	0	ncrna repeat gene|ncrna::U17a;repeat::snRNA;gene::RCC1,SNHG3,RCC1,RCC1,SNHG3	75	66	168	139	18	32	16	7	8	52
558	0	ncrna gene|ncrna::U65;gene::RPL12,SNORA65	59	31	43	21	15	19	9	16	10	16
559	0	ncrna gene|ncrna::U19;gene::SNHG4,SNHG4,SNORA74A,MATR3,MATR3,MATR3	722	156	254	288	163	113	158	136	139	174
560	0	gene|gene::HIST1H2AJ;gene::HIST1H2AI	11	0	6	12	0	0	0	0	0	16
561	0	ncrna gene|ncrna::U23;gene::SNORA75,NCL	90	94	137	11	8	13	3	17	3	14
562	0	gene|gene::RNA45SN5,RNA45SN2,RNA45SN3,LOC100507412,RNA45SN1,RNA45SN4;gene::RNA45SN5,RNA45SN2,RNA45SN3,LOC100507412,RNA45SN1,RNA45SN4	83	18	64	28	15	14	10	18	27	84
563	0	ncrna gene|ncrna::U18C;gene::RPL4,SNORD18C	454	169	203	75	59	46	123	18	39	127
564	0	ncrna gene|ncrna::U105;gene::PPAN,PPAN,PPAN,SNORD105,PPAN-P2RY11,PPAN-P2RY11	286	187	121	189	216	23	120	47	28	219
565	0	|	38	0	4	6	0	0	0	0	0	109
566	0	repeat gene|repeat::Low_complexity;repeat::Low_complexity;repeat::Low_complexity;gene::RNA45SN5,RNA45SN2,RNA45SN3,LOC100507412,RNA45SN1,RNA45SN4	96	0	22	28	4	0	9	0	0	215
567	0	ncrna repeat gene|ncrna::U17b;repeat::snRNA;gene::SNORA73B,RCC1,SNHG3,RCC1,RCC1,SNHG3	33	21	51	10	0	0	3	0	0	46
568	0	gene|gene::B2M	10	0	22	0	0	0	3	0	0	13
569	0	gene|gene::SNORD70B,NOP58	267	48	118	138	19	129	50	90	70	94
570	0	ncrna gene|ncrna::HBII-234;gene::SNORD70,NOP58	396	136	357	82	40	49	42	53	39	159
571	0	tRNA repeat piRNA|tRNA::tRNA-Ile-AAT-5-2;repeat::Low_complexity,tRNA;piRNA::piR-hsa-23566,piR-hsa-27513,piR-hsa-28186	878	102	328	148	124	44	37	49	76	142
572	0	tRNA repeat piRNA|tRNA::tRNA-Ile-AAT-5-1;repeat::tRNA;piRNA::piR-hsa-28186,piR-hsa-27513,piR-hsa-23566	32	28	75	50	27	4	0	17	6	23
573	0	tRNA repeat piRNA|tRNA::tRNA-Ile-AAT-8-1;repeat::tRNA;piRNA::piR-hsa-27513,piR-hsa-23566	128	17	8	8	23	16	0	20	28	0
574	0	repeat gene|repeat::LTR;repeat::LTR,LTR;gene::ZNF767P,ZNF767P;repeat::LTR,LTR;gene::SYTL3,SYTL3,SYTL3,SYTL3,SYTL3	2531	729	2638	663	317	266	36	612	293	694
575	0	tRNA repeat piRNA|tRNA::tRNA-Ile-AAT-5-5;repeat::tRNA;piRNA::piR-hsa-28186,piR-hsa-27513	282	143	293	440	66	145	101	125	36	222
576	0	tRNA repeat piRNA|tRNA::tRNA-Ile-AAT-2-1;repeat::tRNA;piRNA::piR-hsa-28186	151	219	243	109	39	48	0	66	67	121
577	0	gene|gene::MAP3K13,MAP3K13,MAP3K13	19	0	6	3	0	0	0	0	0	18
578	0	ncrna gene|ncrna::HBII-295;gene::SNORD90,RC3H2,RC3H2,RC3H2,RC3H2,RC3H2,RC3H2	131	82	89	15	34	7	11	25	14	48
579	0	piRNA gene|piRNA::piR-hsa-27278;gene::LOC643339;piRNA::piR-hsa-27278;gene::LOC643339;piRNA::piR-hsa-27278;gene::RBFOX2,RBFOX2,RBFOX2,RBFOX2,RBFOX2,RBFOX2,RBFOX2,RBFOX2,RBFOX2,RBFOX2,RBFOX2,RBFOX2,RBFOX2,RBFOX2,RBFOX2,RBFOX2,RBFOX2,RBFOX2;piRNA::piR-hsa-27278;gene::LOC107984974,LOC107984974,LOC107984974;piRNA::piR-hsa-27278;gene::RPL41,RPL41;piRNA::piR-hsa-27278;gene::DGKI,DGKI,DGKI,DGKI;piRNA::piR-hsa-27278;gene::IL6ST,IL6ST,IL6ST,IL6ST,IL6ST,IL6ST,IL6ST,IL6ST,IL6ST,IL6ST	56	3	19	17	3	0	8	0	0	113
580	0	|	50	0	0	0	0	0	0	0	0	18
581	0	gene|gene::SRGN,SRGN,SRGN	7	3	8	0	0	0	0	0	0	43
582	0	gene|gene::RPL34,RPL34,RPL34,RPL34,RPL34,RPL34	818	199	246	324	146	175	215	216	160	153
583	0	repeat miRNA gene|repeat::DNA;miRNA::hsa-miR-548e-3p,hsa-miR-548e-5p;gene::SHOC2,SHOC2,SHOC2,SHOC2,SHOC2	63	82	155	16	33	25	46	18	19	51
584	0	ncrna gene|ncrna::U38A;gene::RPS8,SNORD38A	479	297	105	171	116	112	64	83	86	223
585	0	gene miRNA|gene::MIR200CHG,MIR141;miRNA::hsa-miR-141-5p,hsa-miR-141-3p	279	129	81	116	88	102	30	202	148	111
586	0	gene miRNA|gene::MIR589,FBXL18,FBXL18,FBXL18,FBXL18;miRNA::hsa-miR-589-3p,hsa-miR-589-5p	677	356	463	334	299	311	167	206	467	238
587	0	gene|gene::SNORD141B,SNORD141A;gene::SNORD141A,SNORD141B,EEF1A1;gene::SNORD141A,SNORD141B,EEF1A1	26	0	6	0	0	0	0	0	0	39
588	0	ncrna gene|ncrna::U31;gene::SNHG1,SNHG1,SNHG1,SNHG1,SNHG1,SNHG1,SNHG1,SNHG1,SNHG1,SNORD31,SNHG1,SNHG1,SNHG1	3061	560	637	1234	565	792	950	666	626	687
589	0	ncrna gene|ncrna::U80;gene::SNORD80,GAS5,GAS5,GAS5,GAS5,GAS5,GAS5,GAS5,GAS5,GAS5,GAS5,GAS5,GAS5,GAS5,GAS5,GAS5	647	444	849	380	223	83	52	76	92	256
590	0	ncrna gene|ncrna::U71b;gene::SNHG17,SNHG17,SNHG17,SNHG17,SNHG17,SNHG17,SNHG17,SNHG17,SNHG17,SNHG17,SNORA71B,SNHG17,SNHG17,SNHG17,SNHG17	68	42	65	54	32	11	9	0	11	123
591	0	gene miRNA|gene::MIR152,COPZ2;miRNA::hsa-miR-152-3p,hsa-miR-152-5p	71	103	98	82	82	41	33	55	45	112
592	0	repeat miRNA gene|repeat::SINE;miRNA::hsa-miR-345-5p;gene::MIR345	656	298	720	239	278	180	105	270	178	134
593	0	|	14	0	9	3	0	0	3	0	0	46
594	0	gene miRNA|gene::MIR424;miRNA::hsa-miR-424-5p,hsa-miR-424-3p	489	132	217	61	46	37	0	49	35	30
595	0	gene ncrna piRNA|gene::SNORD63,HSPA9;piRNA::piR-hsa-993;ncrna::U63	101	128	236	56	26	15	23	26	9	13
596	0	gene miRNA|gene::SIDT1,SIDT1,SIDT1,SIDT1,SIDT1,SIDT1,SIDT1,SIDT1,SIDT1,MIR4446,SIDT1,SIDT1,SIDT1,SIDT1,SIDT1,SIDT1;miRNA::hsa-miR-4446-3p	78	60	28	30	3	15	15	14	16	45
597	0	ncrna gene|ncrna::U60;gene::SNHG19,SNORD60	910	2649	3428	218	237	126	120	138	184	449
598	0	gene miRNA piRNA|gene::SNORD138,COX7C;miRNA::hsa-miR-3607-5p,hsa-miR-3607-3p;piRNA::piR-hsa-12759	217	105	137	69	27	23	57	43	24	29
599	0	repeat|repeat::LINE	4587	2481	4189	3649	2469	2216	1961	2645	1465	2387
600	0	repeat|repeat::LTR	206	18	70	15	0	3	8	0	5	52
601	0	gene miRNA|gene::MIR629,TLE3,TLE3,TLE3,TLE3,TLE3,TLE3,TLE3;miRNA::hsa-miR-629-5p,hsa-miR-629-3p	218	132	135	140	86	63	13	82	68	48
602	0	|	39	7	0	16	0	3	3	0	3	213
603	0	gene|gene::ACTB	7	0	20	3	0	0	3	0	0	91
604	0	gene|gene::RNU11,LINC01715	149	434	1552	113	55	36	20	54	35	168
605	0	ncrna gene|ncrna::U94;gene::SNORD94,PTCD3	88	140	118	35	8	8	0	23	5	38
606	0	gene|gene::SCARNA9L,EIF1AX	85	75	60	83	43	32	59	22	21	26
607	0	repeat|repeat::SINE,LTR;repeat::SINE,LTR;repeat::SINE,LTR	19	0	12	22	0	3	3	0	6	0
608	0	ncrna gene|ncrna::mgU6-77;gene::EIF4A1,EIF4A1,SNORD10,SENP3-EIF4A1	619	2466	2785	181	159	130	50	210	145	64
609	0	gene ncrna piRNA|gene::RPL4,SNORD16;piRNA::piR-hsa-26371;ncrna::U16	110	84	226	34	8	13	49	4	3	78
610	0	ncrna gene|ncrna::HBII-99;gene::ZFAS1,ZFAS1,ZFAS1,ZFAS1,ZFAS1,SNORD12	950	1194	1599	229	254	203	165	164	153	553
611	0	|	200	0	43	29	3	0	22	0	0	560
612	0	gene|gene::RPPH1	67	22	26	19	9	0	0	0	0	65
613	0	ncrna gene|ncrna::HBII-85-3;gene::SNORD116-9,SNORD116-3,SNHG14;ncrna::HBII-85-8;gene::SNORD116-8,SNHG14;ncrna::HBII-85-9;gene::SNORD116-9,SNORD116-3,SNHG14	52	116	165	21	0	27	0	0	4	18
614	0	gene ncrna|ncrna::HBII-85-16;gene::SNORD116-16,SNHG14;ncrna::HBII-85-17;gene::SNORD116-19,SNORD116-17,SNHG14;ncrna::HBII-85-18;gene::SNHG14,SNORD116-18;ncrna::HBII-85-19;gene::SNORD116-19,SNORD116-17,SNHG14;piRNA::piR-hsa-11374,piR-hsa-14029;ncrna::HBII-85-21;gene::SNHG14,SNORD116-21;piRNA::piR-hsa-11374,piR-hsa-14029;ncrna::HBII-85-22;gene::SNORD116-22,SNHG14	93	68	46	51	8	19	55	7	16	80
615	0	repeat miRNA gene|repeat::LINE;miRNA::hsa-miR-374a-5p,hsa-miR-374a-3p;gene::MIR374A,FTX	224	114	93	64	78	48	90	83	81	143
616	0	ncrna gene|ncrna::U65;gene::RPL12,SNORA65	50	11	41	51	0	8	8	10	6	93
617	0	gene|gene::RNA45SN5,RNA45SN2,RNA45SN3,LOC100507412,RNA45SN1,RNA45SN4	100	90	131	61	30	24	0	19	27	37
618	0	gene miRNA|gene::MIR9-3,MIR9-3HG,MIR9-3HG;miRNA::hsa-miR-9-5p,hsa-miR-9-3p;gene::LINC00461,MIR9-2,LINC00461,LINC00461,LINC00461,LINC00461,LINC00461,LINC00461,LINC00461,LINC00461,LINC00461,LINC00461,LINC00461,LINC00461,LINC00461;miRNA::hsa-miR-9-5p,hsa-miR-9-3p;gene::MIR9-1,C1orf61,C1orf61,C1orf61,C1orf61,C1orf61,C1orf61,C1orf61,C1orf61,C1orf61,C1orf61,C1orf61,C1orf61,C1orf61;miRNA::hsa-miR-9-5p,hsa-miR-9-3p	578	473	1386	313	764	258	117	140	195	565
619	0	piRNA|piRNA::piR-hsa-30636	169	7	55	56	14	16	25	0	6	739
620	0	ncrna gene|ncrna::E3;gene::EIF4A2,SNORA63	6	35	78	3	0	0	0	0	0	10
621	0	tRNA repeat piRNA|tRNA::tRNA-Arg-ACG-2-1;repeat::tRNA;piRNA::piR-hsa-5067	312	85	84	153	132	103	8	179	75	90
622	0	repeat|repeat::LTR;repeat::LTR;gene::GPR149;repeat::LTR;gene::LOC730100;repeat::LTR;gene::LOC730100;repeat::LTR;gene::LOC730100;repeat::LTR;gene::LOC730100;repeat::LTR;gene::LOC730100;repeat::LTR;gene::LOC730100;repeat::LTR;gene::LOC730100;repeat::LTR;gene::PHKG2,PHKG2;repeat::LTR;gene::LINC00434;repeat::LTR;gene::LINC00434;repeat::LTR;gene::LINC00434;repeat::LTR;gene::LINC00434;repeat::LTR;gene::LINC00434;repeat::LTR;gene::ERV3-1-ZNF117,ERV3-1;repeat::LTR;gene::ERV3-1-ZNF117,ERV3-1;repeat::LTR;gene::ERV3-1-ZNF117,ERV3-1	6376	480	1296	1687	841	808	51	2742	1258	1262
623	0	tRNA repeat piRNA|tRNA::tRNA-Arg-ACG-1-2;repeat::tRNA;piRNA::piR-hsa-3616,piR-hsa-5067	123	69	148	25	10	28	23	37	38	20
624	0	repeat miRNA gene|repeat::DNA;miRNA::hsa-miR-652-3p,hsa-miR-652-5p;gene::MIR652,TMEM164,TMEM164,TMEM164,TMEM164,TMEM164	363	227	181	184	106	135	14	162	128	133
625	0	repeat gene|repeat::LINE;gene::POP1,POP1,POP1	329	141	128	125	95	195	128	158	254	58
626	0	gene miRNA|gene::MIR194-2HG,MIR194-2,MIR194-2HG,MIR194-2HG;miRNA::hsa-miR-194-5p,hsa-miR-194-3p	347	249	447	122	49	84	41	244	14	47
627	0	gene miRNA|gene::MIR143,CARMN,CARMN;miRNA::hsa-miR-143-3p	530	162	43	1025	28	143	24	1269	117	1534
628	0	gene miRNA|gene::SKA2,MIR454,SKA2,SKA2;miRNA::hsa-miR-454-5p,hsa-miR-454-3p	938	745	981	210	267	185	344	303	300	409
629	0	gene ncrna piRNA|gene::RPS20,RPS20,SNORD54;piRNA::piR-hsa-18285,piR-hsa-28210,piR-hsa-18287,piR-hsa-28209,piR-hsa-18286;ncrna::U54	155	93	332	41	19	3	7	0	4	73
630	0	ncrna gene|ncrna::ACA50;gene::SNORA50A,CNOT1,CNOT1,CNOT1,CNOT1	147	1161	1839	99	67	20	15	25	20	270
631	0	repeat|repeat::LTR	210	45	68	89	57	20	14	26	33	269
632	0	ncrna gene|ncrna::mgU6-53;gene::SNORD8,CHD8,CHD8	29	48	97	0	0	4	0	4	0	3
633	0	|	396	552	867	278	153	152	80	90	60	127
634	0	|	3243	6935	13737	3273	3020	3093	2173	922	2818	1833
635	0	gene|gene::NPAS3,NPAS3,NPAS3,NPAS3	4	86	134	0	0	0	0	0	0	0
636	0	|	20293	15432	23209	8616	5069	5309	4112	3440	4399	5465
637	0	gene|gene::TMEM161B,TMEM161B,TMEM161B,TMEM161B,TMEM161B,TMEM161B,TMEM161B,TMEM161B,TMEM161B	5677	177	386	206	128	36	78	31	22	76
638	0	repeat gene|repeat::SINE;gene::FLT3,FLT3	14	9	6	4	3	0	0	0	0	10
639	0	gene|gene::RNR2	50	0	9	27	3	0	0	39	14	21
640	0	gene|gene::ACTB	127	0	62	58	4	3	31	0	0	527
641	0	tRNA repeat|tRNA::tRNA-Thr-CGT-4-1;repeat::tRNA	182	16	27	77	33	86	25	48	90	72
642	0	tRNA repeat|tRNA::tRNA-Thr-CGT-2-1;repeat::tRNA	188	3	25	22	11	0	0	29	3	11
643	0	gene miRNA|gene::UGT8,UGT8,MIR577,UGT8,UGT8,UGT8;miRNA::hsa-miR-577	49	41	136	0	20	3	95	38	25	3
644	0	ncrna gene|ncrna::U53;gene::SNORD53,WDR43	74	12	30	56	12	8	6	4	3	109
645	0	gene|gene::SNORD53B,WDR43	119	40	112	55	34	11	14	3	9	200
646	0	ncrna gene|ncrna::snR38C;gene::SNHG16,SNHG16,SNHG16,SNHG16,SNORD1C	82	45	106	29	4	9	7	4	3	24
647	0	gene ncrna piRNA|gene::SNHG16,SNHG16,SNORD1A,SNHG16,SNHG16;piRNA::piR-hsa-1250;ncrna::snR38A	415	91	386	110	7	20	204	58	8	185
648	0	ncrna gene|ncrna::U75;gene::GAS5,GAS5,GAS5,GAS5,GAS5,SNORD75,GAS5,GAS5,GAS5,GAS5,GAS5,GAS5,GAS5,GAS5,GAS5,GAS5	1654	772	1583	377	176	112	441	77	110	363
649	0	gene ncrna piRNA|gene::RPL13A,RPL13A,SNORD35A,RPL13A,RPL13AP5;piRNA::piR-hsa-28117;ncrna::U35A	66	345	437	24	27	7	0	0	0	31
650	0	gene ncrna piRNA|gene::RPS12,SNORD100;piRNA::piR-hsa-32765,piR-hsa-7549,piR-hsa-32538,piR-hsa-23884,piR-hsa-32220;ncrna::HBII-429	361	206	390	249	58	39	54	35	33	192
651	0	gene|gene::SREBF2,SREBF2	66	54	85	15	18	9	14	8	20	15
652	0	ncrna gene|ncrna::U71d;gene::SNHG17,SNHG17,SNHG17,SNHG17,SNHG17,SNHG17,SNORA71D,SNHG17,SNHG17,SNHG17,SNHG17,SNHG17,SNHG17,SNHG17,SNHG17	44	16	51	26	16	0	12	3	0	131
653	0	gene|gene::MALAT1,TALAM1,MALAT1,MALAT1	24	0	16	0	6	0	6	0	0	38
654	0	ncrna gene|ncrna::U44;gene::SNORD44,GAS5,GAS5,GAS5,GAS5,GAS5,GAS5,GAS5,GAS5,GAS5,GAS5,GAS5,GAS5,GAS5,GAS5,GAS5	10651	4457	5767	10288	2670	4661	7750	3786	6081	2238
655	0	ncrna gene|ncrna::HBII-13;gene::SNORD64,PWAR5,SNHG14	44	17	11	37	6	16	36	11	6	15
656	0	repeat miRNA gene|repeat::SINE;miRNA::hsa-miR-330-3p,hsa-miR-330-5p;gene::MIR330,EML2,EML2,EML2,EML2,EML2,EML2,EML2,EML2,EML2,EML2,EML2,EML2	234	205	314	154	148	120	56	91	118	153
657	0	ncrna gene|ncrna::ACA62;gene::SNORA50C	184	45	108	121	49	3	24	3	9	218
658	0	ncrna gene|ncrna::U56;gene::SNORD56,NOP56,NOP56,NOP56	65	87	191	0	6	3	0	0	0	9
659	0	repeat gene|repeat::DNA;gene::HEATR5A	845	608	1185	680	606	343	406	452	251	585
660	0	|	1394	1936	3856	1164	682	597	1323	869	332	1011
661	0	|	64	6	16	34	0	0	16	3	0	123
662	0	ncrna gene|ncrna::HBII-82B;gene::SNORD111B,SF3B3	48	26	37	33	0	6	24	9	0	36
663	0	gene|gene::MATR3,SNHG4,SNORA74D,SNHG4,MATR3,MATR3	22	9	3	0	7	0	0	0	3	118
664	0	repeat|repeat::SINE	4065	1132	1952	3215	391	1147	515	842	721	565
665	0	ncrna gene|ncrna::ACA7;gene::SNORA7A,RPL32,RPL32,RPL32;ncrna::ACA7B;gene::SNORA7B,RPL32P3	321	390	538	101	86	110	35	82	58	115
666	0	gene|gene::RNA45SN5,RNA45SN2,RNA45SN3,LOC100507412,RNA45SN1,RNA45SN4	215	81	71	83	126	19	62	35	20	262
667	0	gene miRNA|gene::MIR185,TANGO2,TANGO2,TANGO2,TANGO2,TANGO2,TANGO2,TANGO2,TANGO2,TANGO2,TANGO2,TANGO2,TANGO2,TANGO2,TANGO2,TANGO2,TANGO2,TANGO2,TANGO2,TANGO2,TANGO2,TANGO2,TANGO2,TANGO2,TANGO2,TANGO2,TANGO2,TANGO2,TANGO2,TANGO2,TANGO2,TANGO2,TANGO2,TANGO2,TANGO2,TANGO2,TANGO2,TANGO2,TANGO2,TANGO2;miRNA::hsa-miR-185-5p,hsa-miR-185-3p	101	153	171	39	20	19	26	17	27	73
668	0	ncrna gene|ncrna::U71b;gene::SNHG17,SNHG17,SNHG17,SNHG17,SNHG17,SNHG17,SNHG17,SNHG17,SNHG17,SNHG17,SNORA71B,SNHG17,SNHG17,SNHG17,SNHG17	28	14	28	4	3	0	3	5	0	21
669	0	repeat gene|repeat::Low_complexity;repeat::Low_complexity;gene::RNA45SN5,RNA45SN2,RNA45SN3,LOC100507412,RNA45SN1,RNA45SN4	259	36	79	91	16	31	33	7	10	338
670	0	|	52	0	14	11	0	0	17	0	0	114
671	0	gene|gene::MALAT1,MALAT1,MALAT1,TALAM1	45	0	21	4	0	0	8	0	0	50
672	0	ncrna gene|ncrna::U21;gene::RPL5,RPL5,FAM69A,SNORD21	770	416	443	579	235	325	238	251	292	203
673	0	gene miRNA|gene::ELMO3,MIR328;miRNA::hsa-miR-328-3p	68	42	32	35	16	17	10	32	31	54
674	0	piRNA gene|piRNA::piR-hsa-15610;piRNA::piR-hsa-15610;gene::DGKI,DGKI,DGKI,DGKI	51	3	29	25	0	3	8	0	0	40
675	0	ncrna gene|ncrna::E3;gene::EIF4A2,SNORA63	78	245	98	39	65	11	53	8	6	207
676	0	|	185	0	79	0	31	25	37	34	0	42
677	0	gene|gene::VTRNA2-1	2537	846	1994	1273	659	522	282	731	306	2342
678	0	|	27	0	0	10	3	0	20	4	0	24
679	0	ncrna gene|ncrna::ACA44;gene::SNHG12,SNHG12,SNHG12,SNHG12,SNHG12,SNHG12,SNHG12,SNHG12,SNORA44	74	143	145	84	38	13	25	18	9	76
680	0	ncrna gene|ncrna::U26;gene::SNORD26,SNHG1,SNHG1,SNHG1,SNHG1,SNHG1,SNHG1,SNHG1,SNHG1,SNHG1,SNHG1,SNHG1,SNHG1	7156	3525	5881	3054	1007	1207	1783	1149	1085	1755
681	0	repeat gene|repeat::Simple_repeat;gene::ACTB;repeat::Simple_repeat;gene::KDM4C,KDM4C,KDM4C,KDM4C,KDM4C,KDM4C,KDM4C,KDM4C,KDM4C,KDM4C,KDM4C,KDM4C,KDM4C,KDM4C,KDM4C;repeat::Simple_repeat;gene::KDM4C,KDM4C,KDM4C,KDM4C,KDM4C,KDM4C,KDM4C,KDM4C,KDM4C,KDM4C,KDM4C,KDM4C,KDM4C,KDM4C,KDM4C	9	0	19	9	0	0	0	3	3	59
682	0	|	0	0	0	0	0	242	84	299	61	57
683	0	repeat gene|repeat::snRNA;gene::HSPA8,HSPA8	19	209	335	4	4	0	7	3	8	19
684	0	gene|gene::RWDD2A,RWDD2A,RWDD2A,RWDD2A,RWDD2A	302	982	1854	579	252	167	7	338	319	246
685	0	gene miRNA|gene::MIR324,ACADVL,ACADVL,ACADVL,ACADVL;miRNA::hsa-miR-324-5p,hsa-miR-324-3p	243	287	329	78	47	55	21	66	65	116
686	0	gene miRNA|gene::MIR874,KLHL3,KLHL3,KLHL3;miRNA::hsa-miR-874-3p,hsa-miR-874-5p	536	273	212	305	233	233	157	265	308	283
687	0	|	94	65	8	23	12	11	0	0	8	207
688	0	gene miRNA|gene::FTX,MIR421;miRNA::hsa-miR-421	370	187	205	95	107	105	116	98	133	169
689	0	gene miRNA|gene::MIR130A;miRNA::hsa-miR-130a-3p	1056	469	736	811	148	344	153	570	94	247
690	0	|	120	15	0	18	14	7	6	10	0	79
691	0	gene miRNA|gene::CLCN5,MIR660,CLCN5,CLCN5;miRNA::hsa-miR-660-5p,hsa-miR-660-3p	278	510	478	128	116	133	70	114	114	153
692	0	gene miRNA|gene::MIRLET7D,LINC02603,LINC02603;miRNA::hsa-let-7d-3p	818	297	679	563	258	249	157	239	202	334
693	0	gene miRNA|gene::PTK2B,PTK2B,PTK2B,PTK2B,MIR6842;miRNA::hsa-miR-6842-5p,hsa-miR-6842-3p	516	208	164	274	146	300	45	226	157	238
694	0	gene|gene::GAPDH,GAPDH,GAPDH,GAPDH,GAPDH,GAPDH;gene::GAPDH,GAPDH,GAPDH,GAPDH,GAPDH,GAPDH	3	0	14	3	0	0	3	3	0	16
695	0	gene|gene::MROH5,MROH5,MROH5;gene::LINC00842;gene::LINC00842;gene::SLC16A2;gene::SLC16A2;gene::SLC16A2;gene::KLHL12,KLHL12,KLHL12;gene::KLHL12,KLHL12,KLHL12;gene::HNRNPA1,HNRNPA1,HNRNPA1,HNRNPA1P10;gene::C6orf10,C6orf10,C6orf10,LOC101929163,LOC101929163,LOC101929163;gene::C6orf10,C6orf10,C6orf10;gene::C6orf10,C6orf10,C6orf10;gene::C6orf10,C6orf10,C6orf10;gene::FAM126B,FAM126B,FAM126B,FAM126B,FAM126B,FAM126B,FAM126B,FAM126B,FAM126B,FAM126B,FAM126B,FAM126B;gene::C6orf10,C6orf10,C6orf10,LOC101929163,LOC101929163,LOC101929163;gene::C6orf10,C6orf10,C6orf10,LOC101929163,LOC101929163,LOC101929163;gene::LOC101929163,C6orf10,C6orf10,LOC101929163,LOC101929163,C6orf10;gene::LOC101929163,C6orf10,C6orf10,LOC101929163,LOC101929163,C6orf10;gene::EEA1;gene::EEA1;gene::LOC101929163,C6orf10,LOC101929163,C6orf10,LOC101929163,C6orf10;gene::HNRNPA1L2,HNRNPA1L2;gene::HNRNPA1L2,HNRNPA1L2;gene::MAPKAP1,MAPKAP1,MAPKAP1,MAPKAP1,MAPKAP1,MAPKAP1;gene::MAPKAP1,MAPKAP1,MAPKAP1,MAPKAP1,MAPKAP1,MAPKAP1;gene::SPIN1;gene::C6orf10,LOC101929163,C6orf10,C6orf10,LOC101929163,LOC101929163;gene::C6orf10,LOC101929163,C6orf10,C6orf10,LOC101929163,LOC101929163;gene::LOC101929163,C6orf10,C6orf10,LOC101929163,LOC101929163,C6orf10	17	0	12	7	0	0	22	0	0	65
696	0	gene miRNA|gene::MIR7974,ZNF653;miRNA::hsa-miR-7974	568	278	797	334	117	227	279	232	399	106
697	0	gene miRNA|gene::MIR671,CHPF2,CHPF2;miRNA::hsa-miR-671-5p,hsa-miR-671-3p	611	225	328	329	133	128	90	203	155	235
698	0	gene|gene::TFDP1,TFDP1	45	3	52	27	18	19	25	20	27	4
699	0	gene|gene::TUBA1A,TUBA1A,TUBA1A;gene::TUBA1B;gene::DISC1FP1;gene::TUBA1C,TUBA1C,TUBA1C,TUBA1C,TUBA1C	13	0	6	0	0	0	3	0	0	86
700	0	|	31	0	17	10	0	0	0	0	0	73
701	0	ncrna gene|ncrna::U106;gene::ZFAS1,ZFAS1,ZFAS1,ZFAS1,ZFAS1,SNORD12C	313	794	1238	90	90	57	41	42	32	153
702	0	repeat gene|repeat::DNA;gene::ZC3HAV1,ZC3HAV1	105	38	83	9	13	9	35	30	9	9
703	0	gene|gene::TRRAP,TRRAP,SCARNA28	75	109	202	26	10	8	31	7	7	73
704	0	gene miRNA|gene::MIRLET7A1;miRNA::hsa-let-7a-3p;gene::MIRLET7A3,MIRLET7BHG,MIRLET7BHG;miRNA::hsa-let-7a-3p	76	46	66	50	41	32	54	27	43	83
705	0	repeat miRNA gene|repeat::LINE,LINE;miRNA::hsa-miR-151a-5p,hsa-miR-151a-3p;gene::PTK2,PTK2,PTK2,PTK2,PTK2,PTK2,PTK2,PTK2,PTK2,PTK2,PTK2,PTK2,PTK2,PTK2,PTK2,PTK2,PTK2,PTK2,PTK2,PTK2,PTK2,PTK2,PTK2,PTK2,PTK2,PTK2,PTK2,PTK2,PTK2,PTK2,PTK2,PTK2,PTK2,PTK2,PTK2,PTK2,PTK2,PTK2,PTK2,PTK2,PTK2,PTK2,PTK2,PTK2,PTK2,PTK2,PTK2,PTK2,PTK2,PTK2,PTK2,PTK2,PTK2,PTK2,PTK2,PTK2,PTK2,PTK2,PTK2,PTK2,PTK2,PTK2	2739	820	717	501	6228	1377	3613	1597	1260	4677
706	0	repeat|repeat::SINE;repeat::SINE;repeat::SINE;gene::USP14,USP14;repeat::SINE;gene::LIMA1,LIMA1;repeat::SINE;gene::FSIP1,FSIP1;repeat::SINE;miRNA::hsa-miR-1273h-5p,hsa-miR-1273h-3p;gene::MIR1273H,PRKCB,PRKCB;repeat::SINE;miRNA::hsa-miR-1273h-5p,hsa-miR-1273h-3p;gene::MIR1273H,PRKCB,PRKCB;repeat::SINE;miRNA::hsa-miR-1273h-5p,hsa-miR-1273h-3p;gene::LLGL2,LLGL2,LLGL2;repeat::SINE;miRNA::hsa-miR-1273h-5p,hsa-miR-1273h-3p;gene::NHSL1;repeat::SINE;miRNA::hsa-miR-1273h-5p,hsa-miR-1273h-3p;gene::NHSL1	214	73	195	34	34	10	46	55	32	71
707	0	ncrna gene|ncrna::U105B;gene::SNORD105B,PPAN,PPAN,PPAN,PPAN-P2RY11,PPAN-P2RY11	143	214	280	36	47	25	11	37	15	65
708	0	gene ncrna piRNA|gene::RPS8,SNORD38B;piRNA::piR-hsa-1742;ncrna::U38B	127	407	517	49	29	25	48	14	19	110
709	0	gene ncrna|gene::PARP16,PARP16,SNORA24B,PARP16;gene::SNHG8,SNHG8,SNHG8,SNORA24;ncrna::ACA24	57	86	182	0	7	6	27	7	7	40
710	0	gene miRNA|gene::SPACA6P-AS,MIR99B,SPACA6;miRNA::hsa-miR-99b-5p	96	25	5	113	248	117	42	228	23	76
711	0	repeat|repeat::SINE	0	0	0	0	0	0	0	0	0	3
712	0	gene|gene::HPS4,HPS4,HPS4,HPS4,HPS4,HPS4,HPS4,HPS4,HPS4,HPS4,HPS4,HPS4,HPS4,HPS4,HPS4,HPS4,HPS4,HPS4,HPS4	119	24	97	70	9	0	79	7	3	9
713	0	ncrna gene|ncrna::ACA48;gene::EIF4A1,EIF4A1,SNORA48,SENP3-EIF4A1	4	0	3	3	0	0	4	0	0	31
714	0	ncrna gene|ncrna::U25;gene::SNORD25,SNHG1,SNHG1,SNHG1,SNHG1,SNHG1,SNHG1,SNHG1,SNHG1,SNHG1,SNHG1,SNHG1,SNHG1	3632	3419	3249	1352	590	786	949	874	781	1562
715	0	repeat miRNA gene|repeat::DNA;miRNA::hsa-miR-361-5p,hsa-miR-361-3p;gene::MIR361,CHM,CHM,CHM,CHM,CHM	3959	2188	2212	1371	615	665	626	1133	1006	1026
716	0	gene ncrna piRNA|gene::SNORD89;piRNA::piR-hsa-26872;ncrna::HBII-289	268	219	354	208	31	36	13	42	32	58
717	0	ncrna gene|ncrna::U71d;gene::SNHG17,SNHG17,SNHG17,SNHG17,SNHG17,SNHG17,SNHG17,SNHG17,SNHG17,SNHG17,SNHG17,SNHG17,SNHG17,SNHG17,SNORA71D	210	147	266	64	14	27	26	22	20	47
718	0	gene|gene::SPAG6,SPAG6,SPAG6,SPAG6;gene::LIG3,LIG3	516	3868	5272	218	220	195	202	66	252	320
719	0	gene|gene::DNMBP,DNMBP-AS1,DNMBP	502	422	104	164	611	179	96	131	781	314
720	0	ncrna gene|ncrna::HBII-316;gene::SNORD92,WDR43	1335	323	355	1039	199	310	375	160	203	1176
