id	nloci	ann	ERR187494	ERR187490	ERR187664	ERR187665
1	0	ncrna gene|ncrna::HBII-289;gene::SNORD89	190	32	126	55
2	0	gene miRNA|gene::MIR30C1,NFYC,NFYC,NFYC,NFYC,NFYC,NFYC,NFYC;miRNA::hsa-miR-30c-5p,hsa-miR-30c-1-3p;gene::MIR30C2;miRNA::hsa-miR-30c-5p,hsa-miR-30c-2-3p	6675	1033	2283	8369
3	0	gene miRNA|gene::MIR30B;miRNA::hsa-miR-30b-5p,hsa-miR-30b-3p	1077	313	564	2132
4	0	gene miRNA|gene::ANK1,MIR486-1,MIR486-2,ANK1,ANK1,ANK1,ANK1,ANK1,ANK1,ANK1;miRNA::hsa-miR-486-5p,hsa-miR-486-3p,hsa-miR-486-5p,hsa-miR-486-3p;gene::MIR486-1,MIR486-2,ANK1,ANK1,ANK1,ANK1,ANK1,ANK1,ANK1,ANK1;miRNA::hsa-miR-486-5p,hsa-miR-486-3p,hsa-miR-486-5p,hsa-miR-486-3p	16959	2996	15000	48050
5	0	gene miRNA|gene::MIR106B,MCM7,MCM7,MCM7;miRNA::hsa-miR-106b-3p,hsa-miR-106b-5p	2470	465	729	2259
6	0	repeat gene|repeat::Simple_repeat;repeat::Simple_repeat;gene::LOC100507412,RNA45SN5,RNA45SN1,RNA45SN4,RNA45SN2,RNA45SN3;repeat::Simple_repeat;gene::LOC100507412,RNA45SN5,RNA45SN1,RNA45SN4,RNA45SN2,RNA45SN3	43	9	14	47
7	0	ncrna gene|ncrna::mgU2-19/30;gene::CEP295,SCARNA9	35	8	34	110
8	0	ncrna gene|ncrna::snR38C;gene::SNHG16,SNHG16,SNHG16,SNORD1C,SNHG16	81	5	24	127
9	0	ncrna gene|ncrna::snR38B;gene::SNHG16,SNHG16,SNHG16,SNORD1B,SNHG16	349	86	155	328
10	0	gene miRNA|gene::CLCN5,CLCN5,MIR660,CLCN5;miRNA::hsa-miR-660-5p	336	130	120	490
11	0	gene miRNA|gene::MIR132;miRNA::hsa-miR-132-5p,hsa-miR-132-3p	652	165	279	301
12	0	gene miRNA|gene::MYO1E,MIR2116;miRNA::hsa-miR-2116-5p,hsa-miR-2116-3p	46	7	4	49
13	0	repeat gene|repeat::scRNA;repeat::scRNA,Low_complexity;repeat::scRNA;gene::CHM,CHM,CHM;repeat::Simple_repeat,scRNA;gene::PTDSS1,PTDSS1;repeat::scRNA;gene::FNDC3A,FNDC3A,FNDC3A;repeat::scRNA;gene::FNDC3A,FNDC3A,FNDC3A;repeat::scRNA;gene::PRKCI;repeat::scRNA,Simple_repeat;gene::LINC01599	411	91	244	458
14	0	repeat gene|repeat::scRNA;gene::TRIM2,TRIM2,TRIM2,TRIM2,TRIM2,TRIM2,TRIM2,TRIM2,TRIM2;repeat::scRNA;gene::TRIM2,TRIM2,TRIM2,TRIM2,TRIM2,TRIM2,TRIM2,TRIM2,TRIM2;repeat::scRNA;gene::ULK4,ULK4,ULK4,ULK4	1037	105	724	421
15	0	repeat|repeat::scRNA;gene::CUL5;repeat::Low_complexity,scRNA;gene::WDR7,WDR7;repeat::Low_complexity,scRNA;gene::WDR7,WDR7;repeat::scRNA,Low_complexity;gene::WDR7,WDR7;repeat::Low_complexity,scRNA;gene::WDR7,WDR7;repeat::scRNA,Low_complexity;gene::WDR7,WDR7;repeat::scRNA;gene::TOPBP1;repeat::scRNA;gene::LRRC59;repeat::scRNA;gene::LINC01297;repeat::scRNA;gene::LINC01297;repeat::LTR,scRNA;gene::DNAJC27-AS1;repeat::Low_complexity,scRNA;gene::DNAJC27-AS1;repeat::scRNA;gene::KCNK4,KCNK4-TEX40,KCNK4,KCNK4,KCNK4;repeat::scRNA;gene::CCDC85C;repeat::scRNA,Low_complexity;gene::CCDC85C;repeat::scRNA,LINE;gene::LOC100288637,LOC100288637,LOC100288637;repeat::scRNA;gene::INO80D;repeat::scRNA;gene::LOC105377924;repeat::Low_complexity,scRNA;gene::CXADRP3;repeat::scRNA;gene::CXADRP3;repeat::scRNA;gene::CXADRP3;repeat::scRNA;gene::GNB5,GNB5;repeat::scRNA;gene::GNB5,GNB5	6461	969	2679	5487
16	0	gene|gene::HIST2H2AA3,HIST2H2AA4;gene::HIST2H2AA3,HIST2H2AA4	99	30	29	6802
17	0	ncrna gene|ncrna::U21;gene::SNORD21,RPL5,RPL5,FAM69A	452	102	220	399
18	0	ncrna gene|ncrna::HBII-82B;gene::SNORD111B,SF3B3	97	0	9	212
19	0	gene miRNA|gene::MIR140,WWP2,WWP2,WWP2,WWP2;miRNA::hsa-miR-140-5p,hsa-miR-140-3p	2584	559	730	3103
20	0	ncrna gene|ncrna::U53;gene::SNORD53,WDR43	165	41	127	61
21	0	gene|gene::SNORD53B,WDR43	72	13	38	21
22	0	gene miRNA|gene::MIR3615,SLC9A3R1;miRNA::hsa-miR-3615	322	79	59	215
23	0	gene|gene::DDX39B,DDX39B,ATP6V1G2-DDX39B,DDX39B,SNORD84;gene::ATP6V1G2-DDX39B,DDX39B,SNORD84,DDX39B,DDX39B;ncrna::U84;gene::SNORD84,DDX39B,DDX39B,ATP6V1G2-DDX39B,DDX39B;ncrna::U84;gene::DDX39B,DDX39B,ATP6V1G2-DDX39B,DDX39B,SNORD84;ncrna::U84;gene::DDX39B,SNORD84,DDX39B,DDX39B,ATP6V1G2-DDX39B;ncrna::U84;gene::SNORD84,DDX39B,DDX39B,ATP6V1G2-DDX39B,DDX39B;ncrna::U84;gene::DDX39B,ATP6V1G2-DDX39B,DDX39B,SNORD84,DDX39B;ncrna::U84	19	0	4	135
24	0	gene miRNA|gene::MIR17HG,MIR17HG,MIR20A;miRNA::hsa-miR-20a-5p,hsa-miR-20a-3p	3671	834	1129	5743
25	0	|	138	937	1401	412
26	0	gene|gene::MRPL32	834	120	155	1521
27	0	gene miRNA|gene::MIR20B;miRNA::hsa-miR-20b-5p,hsa-miR-20b-3p	394	46	48	1262
28	0	gene miRNA|gene::MIR34A,MIR34AHG;miRNA::hsa-miR-34a-5p,hsa-miR-34a-3p	1837	725	865	1691
29	0	gene|gene::HUWE1	1614	364	504	914
30	0	ncrna gene|ncrna::U47;gene::SNORD47,GAS5,GAS5,GAS5,GAS5,GAS5,GAS5,GAS5,GAS5,GAS5,GAS5,GAS5,GAS5,GAS5,GAS5,GAS5	1792	442	1458	808
31	0	gene|gene::LOC100507412,RNA45SN5,RNA45SN1,RNA45SN4,RNA45SN2,RNA45SN3;gene::LOC100507412,RNA45SN5,RNA45SN1,RNA45SN4,RNA45SN2,RNA45SN3	93	49	142	129
32	0	gene|gene::VTRNA1-1	4925	1151	2879	2336
33	0	ncrna gene|ncrna::ACA7;gene::SNORA7A,RPL32,RPL32,RPL32	249	50	58	83
34	0	gene miRNA|gene::MIR424;miRNA::hsa-miR-424-5p,hsa-miR-424-3p	72	6	90	176
35	0	repeat|repeat::LTR	65	54	74	194
36	0	ncrna gene|ncrna::U36A;gene::SNORD36A,RPL7A	1865	951	1029	967
37	0	ncrna gene|ncrna::U34;gene::SNORD34,RPL13A,RPL13A,RPL13A,RPL13AP5	269	41	84	134
38	0	repeat gene|repeat::SINE;gene::GON4L,GON4L,GON4L	112	30	31	95
39	0	ncrna gene|ncrna::HBII-85-8;gene::SNORD116-8,SNHG14;ncrna::HBII-85-9;gene::SNORD116-3,SNORD116-9,SNHG14;ncrna::HBII-85-3;gene::SNORD116-9,SNHG14,SNORD116-3	49	7	23	50
40	0	ncrna gene|ncrna::HBII-85-18;gene::SNORD116-18,SNHG14;ncrna::HBII-85-19;gene::SNHG14,SNORD116-19,SNORD116-17;ncrna::HBII-85-21;gene::SNORD116-21,SNHG14;ncrna::HBII-85-22;gene::SNORD116-22,SNHG14;ncrna::HBII-85-16;gene::SNORD116-16,SNHG14;ncrna::HBII-85-17;gene::SNORD116-19,SNORD116-17,SNHG14	123	28	69	48
41	0	gene|gene::KIAA0825,KIAA0825;gene::KIAA0825,KIAA0825	17592	16472	37690	24452
42	0	gene|gene::PCBD2	3	44	51	0
43	0	ncrna gene|ncrna::U15A;gene::SNORD15A,RPS3,RPS3,RPS3,RPS3	113	20	49	340
44	0	ncrna gene|ncrna::U49A;gene::LRRC75A-AS1,LRRC75A-AS1,LRRC75A-AS1,LRRC75A-AS1,LRRC75A-AS1,LRRC75A-AS1,LRRC75A-AS1,LRRC75A-AS1,LRRC75A-AS1,LRRC75A-AS1,LRRC75A-AS1,LRRC75A-AS1,LRRC75A-AS1,LRRC75A-AS1,LRRC75A-AS1,LRRC75A-AS1,LRRC75A-AS1,SNORD49A,LRRC75A-AS1,LRRC75A-AS1,LRRC75A-AS1,LRRC75A-AS1,LRRC75A-AS1,LRRC75A-AS1,LRRC75A-AS1,LRRC75A-AS1,LRRC75A-AS1,LRRC75A-AS1,LRRC75A-AS1,LRRC75A-AS1,LRRC75A-AS1,LRRC75A-AS1,LRRC75A-AS1	155	11	34	212
45	0	repeat gene|repeat::Simple_repeat;gene::DNMT1,DNMT1,DNMT1,DNMT1	154	0	29	104
46	0	ncrna gene|ncrna::U60;gene::SNORD60,SNHG19	630	150	331	612
47	0	tRNA repeat|tRNA::tRNA-Arg-CCG-2-1;repeat::tRNA	17	0	7	107
48	0	gene|gene::HIST1H3J	28	3	4	27
49	0	ncrna gene|ncrna::U36B;gene::SNORD36B,RPL7A	972	340	564	978
50	0	ncrna gene|ncrna::U28;gene::SNORD28,SNHG1,SNHG1,SNHG1,SNHG1,SNHG1,SNHG1,SNHG1,SNHG1,SNHG1,SNHG1,SNHG1,SNHG1	2603	559	2533	772
51	0	|	91	285	172	0
52	0	repeat|repeat::SINE	0	0	0	3
53	0	repeat gene|repeat::Simple_repeat;gene::ACTB	56	8	48	34
54	0	|	999	1920	2218	597
55	0	gene miRNA|gene::MIR10A,HOXB3;miRNA::hsa-miR-10a-5p,hsa-miR-10a-3p	39700	9401	67483	105720
56	0	gene miRNA|gene::MIR193BHG,MIR193B,MIR193BHG;miRNA::hsa-miR-193b-5p,hsa-miR-193b-3p	2999	988	1294	3283
57	0	gene miRNA|gene::MIR30D;miRNA::hsa-miR-30d-5p,hsa-miR-30d-3p	20673	5830	11762	25637
58	0	gene|gene::KIAA0825,KIAA0825;gene::KIAA0825,KIAA0825	44	0	3	13
59	0	gene|gene::LINC00609	275	172	121	127
60	0	gene miRNA|gene::MIR331;miRNA::hsa-miR-331-3p,hsa-miR-331-5p	321	102	114	414
61	0	repeat|repeat::snRNA;repeat::snRNA;repeat::snRNA;repeat::snRNA;repeat::snRNA;repeat::snRNA;repeat::snRNA	3445	1196	1796	1325
62	0	gene|gene::MIR877,ABCF1,ABCF1;gene::MIR877,ABCF1,ABCF1;miRNA::hsa-miR-877-5p;gene::MIR877,ABCF1,ABCF1;miRNA::hsa-miR-877-5p;gene::MIR877,ABCF1,ABCF1;miRNA::hsa-miR-877-5p;gene::ABCF1,MIR877,ABCF1;miRNA::hsa-miR-877-5p;gene::MIR877,ABCF1,ABCF1;miRNA::hsa-miR-877-5p;gene::MIR877,ABCF1,ABCF1;miRNA::hsa-miR-877-5p	206	52	81	85
63	0	ncrna gene|ncrna::ACA31;gene::SNORA31,TPT1,TPT1,TPT1	737	183	414	3274
64	0	ncrna gene|ncrna::U77;gene::SNORD77,GAS5,GAS5,GAS5,GAS5,GAS5,GAS5,GAS5,GAS5,GAS5,GAS5,GAS5,GAS5,GAS5,GAS5,GAS5	1057	165	386	938
65	0	gene|gene::SREBF2,SREBF2	55	16	15	34
66	0	|	14	13	15	11
67	0	gene miRNA|gene::MIR324,ACADVL,ACADVL,ACADVL,ACADVL;miRNA::hsa-miR-324-3p,hsa-miR-324-5p	180	49	60	148
68	0	ncrna gene|ncrna::HBII-210;gene::GNL3,GNL3,GNL3,SNORD69	2320	140	678	1884
69	0	ncrna gene|ncrna::HBII-276;gene::SNHG6,SNORD87,SNHG6,SNHG6,SNHG6	65	17	25	61
70	0	ncrna gene|ncrna::HBII-202;gene::RPL13,RPL13,SNORD68,RPL13,RPL13	324	83	208	357
71	0	repeat|repeat::RNA	593	167	624	3656
72	0	repeat|repeat::snRNA	135	143	46	352
73	0	ncrna gene|ncrna::HBII-296A;gene::SNORD91A,TSR1	183	55	85	242
74	0	repeat gene|repeat::LINE,Simple_repeat;gene::ME3,ME3,ME3,ME3,ME3,ME3,ME3,ME3	24	4	0	58
75	0	gene|gene::THAP9-AS1,THAP9-AS1,SEC31A,SNORD143,THAP9-AS1	46	0	19	15
76	0	repeat miRNA gene|repeat::SINE;miRNA::hsa-miR-345-5p;gene::MIR345	360	113	261	845
77	0	gene|gene::ACTB	40	6	36	19
78	0	ncrna gene|ncrna::HBII-95;gene::SNORD11,NOP58	209	43	179	46
79	0	gene miRNA|gene::SEPT6,MIR766,SEPT6,SEPT6,SEPT6;miRNA::hsa-miR-766-3p,hsa-miR-766-5p	301	44	80	508
80	0	ncrna gene|ncrna::U62B;gene::SNORD62A,SNORD62B,PRRC2B;ncrna::U62A;gene::PRRC2B,SNORD62A,SNORD62B	542	31	220	1300
81	0	|	177	32	31	29
82	0	ncrna gene|ncrna::ACA5c;gene::TBRG4,TBRG4,TBRG4,SNORA5C,TBRG4	29	0	4	30
83	0	tRNA repeat|tRNA::tRNA-Leu-TAG-3-1;repeat::tRNA	649	271	247	1118
84	0	ncrna gene|ncrna::U102;gene::RPL21P28,SNORD102,RPL21	2405	177	860	421
85	0	ncrna gene|ncrna::U51;gene::SNORD51,EEF1B2,EEF1B2,EEF1B2	167	8	34	160
86	0	tRNA repeat|tRNA::tRNA-Pro-TGG-3-4;repeat::tRNA;tRNA::tRNA-Pro-CGG-1-3;repeat::tRNA;gene::LINC00324;tRNA::tRNA-Pro-TGG-3-2;repeat::tRNA;gene::LINC00324;tRNA::tRNA-Pro-AGG-2-4;repeat::tRNA;gene::LINC00324;tRNA::tRNA-Pro-TGG-3-3;repeat::tRNA;gene::LINC00324;tRNA::tRNA-Pro-TGG-3-1;repeat::tRNA;gene::LINC00324;tRNA::tRNA-Pro-TGG-3-5;repeat::tRNA;gene::LINC00324	11023	2718	2488	20045
87	0	gene|gene::B4GALT3,B4GALT3,B4GALT3	109	23	35	266
88	0	repeat gene|repeat::LTR,LTR;gene::LOC440040;repeat::LTR,LTR;gene::GRM5,GRM5	250622	109022	10985	104495
89	0	tRNA repeat|tRNA::tRNA-Pro-TGG-2-1;repeat::tRNA	253	45	39	474
90	0	repeat gene|repeat::LTR,LTR;gene::PPARA,PPARA	1554	419	215	1015
91	0	tRNA repeat|tRNA::tRNA-Thr-CGT-2-1;repeat::tRNA	82	8	3	76
92	0	tRNA repeat|tRNA::tRNA-Thr-CGT-4-1;repeat::tRNA	70	19	38	178
93	0	ncrna gene|ncrna::HBII-296B;gene::SNORD91B,TSR1	79	43	69	41
94	0	gene miRNA|gene::SNORD138,COX7C;miRNA::hsa-miR-3607-3p	183	9	46	31
95	0	repeat miRNA gene|repeat::DNA;miRNA::hsa-miR-548e-3p,hsa-miR-548e-5p;gene::SHOC2,SHOC2,SHOC2,SHOC2,SHOC2	43	5	26	140
96	0	gene|gene::LOC100507412,RNA45SN5,RNA45SN1,RNA45SN4,RNA45SN2,RNA45SN3;gene::LOC100507412,RNA45SN5,RNA45SN1,RNA45SN4,RNA45SN2,RNA45SN3	34	26	39	10
97	0	gene miRNA|gene::MIR942,TTF2;miRNA::hsa-miR-942-5p,hsa-miR-942-3p	151	22	65	124
98	0	repeat|repeat::snRNA	3863	425	1498	1118
99	0	repeat|repeat::snRNA	9893	1043	3669	2402
100	0	repeat gene|repeat::snRNA;gene::BTRC,BTRC,BTRC	727	572	557	849
101	0	ncrna gene|ncrna::E3;gene::SNORA63,EIF4A2	85	121	118	32
102	0	gene miRNA|gene::MIR500A,CLCN5,CLCN5,CLCN5;miRNA::hsa-miR-500a-5p,hsa-miR-500a-3p	639	148	299	1276
103	0	repeat gene|repeat::snRNA;gene::C12orf57,C12orf57,C12orf57,C12orf57,C12orf57,C12orf57	96	0	14	25
104	0	gene|gene::SNORD48,C6orf48,C6orf48,C6orf48,C6orf48,C6orf48,C6orf48,C6orf48,C6orf48,C6orf48;gene::C6orf48,C6orf48,C6orf48,C6orf48,C6orf48,C6orf48,SNORD48,C6orf48,C6orf48,C6orf48;gene::C6orf48,C6orf48,C6orf48,C6orf48,C6orf48,C6orf48,C6orf48,SNORD48,C6orf48,C6orf48;gene::C6orf48,C6orf48,C6orf48,C6orf48,C6orf48,C6orf48,SNORD48,C6orf48,C6orf48,C6orf48	2733	635	1832	24818
105	0	|	0	21	60	8
106	0	tRNA repeat|tRNA::tRNA-Glu-TTC-2-2;repeat::tRNA;tRNA::tRNA-Glu-TTC-2-1;repeat::tRNA	407	220	121	1299
107	0	tRNA repeat|tRNA::tRNA-Glu-TTC-1-2;repeat::tRNA;tRNA::tRNA-Glu-TTC-1-1;repeat::tRNA	59	5	20	297
108	0	gene miRNA|gene::MIR150;miRNA::hsa-miR-150-5p,hsa-miR-150-3p	371	54	102	362
109	0	repeat miRNA gene|repeat::DNA;miRNA::hsa-miR-652-3p,hsa-miR-652-5p;gene::MIR652,TMEM164,TMEM164,TMEM164,TMEM164,TMEM164	261	84	90	205
110	0	|	41	171	352	49
111	0	gene miRNA|gene::MIR16-2,SMC4,SMC4,SMC4,TRIM59-IFT80,TRIM59-IFT80,TRIM59-IFT80;miRNA::hsa-miR-16-2-3p,hsa-miR-16-5p;gene::MIR16-1,DLEU2,DLEU2,DLEU2,DLEU2,DLEU2;miRNA::hsa-miR-16-5p,hsa-miR-16-1-3p	38845	6842	12183	42181
112	0	gene miRNA|gene::MIR27A;miRNA::hsa-miR-27a-5p,hsa-miR-27a-3p	3581	1961	1566	5913
113	0	gene miRNA|gene::MIR27B,C9orf3,C9orf3;miRNA::hsa-miR-27b-5p,hsa-miR-27b-3p	15544	4346	4969	19004
114	0	repeat gene|repeat::LTR;gene::MOK,MOK,MOK,MOK,MOK,MOK,MOK,MOK,MOK,MOK,MOK,MOK,MOK,MOK,MOK,MOK,MOK,MOK;repeat::LTR;gene::MOK,MOK,MOK,MOK,MOK,MOK,MOK,MOK,MOK,MOK,MOK,MOK,MOK,MOK,MOK,MOK,MOK	924	393	45	889
115	0	tRNA repeat|tRNA::tRNA-Phe-GAA-1-4;repeat::tRNA	150	30	18	425
116	0	ncrna gene|ncrna::U81;gene::SNORD81,GAS5,GAS5,GAS5,GAS5,GAS5,GAS5,GAS5,GAS5,GAS5,GAS5,GAS5,GAS5,GAS5,GAS5,GAS5	3901	825	1498	9521
117	0	gene ncrna|gene::SCARNA9L,EIF1AX;gene::SCARNA9,CEP295;ncrna::mgU2-19/30	213	9	43	1320
118	0	gene miRNA|gene::ATP11C,ATP11C,ATP11C,MIR505;miRNA::hsa-miR-505-5p,hsa-miR-505-3p	33	18	14	97
119	0	ncrna gene|ncrna::U71b;gene::SNHG17,SNHG17,SNHG17,SNHG17,SNHG17,SNHG17,SNHG17,SNHG17,SNHG17,SNHG17,SNHG17,SNORA71B,SNHG17,SNHG17,SNHG17	92	37	79	154
120	0	|	4086	3708	5834	29876
121	0	repeat|repeat::LINE	169	34	58	78
122	0	tRNA repeat|tRNA::tRNA-Trp-CCA-4-1;repeat::tRNA	89	11	3	73
123	0	gene|gene::BCYRN1,LOC100132741,LINC00891;gene::MS4A15,MS4A15,MS4A15,MS4A15	4278	742	283	1199
124	0	tRNA repeat gene|tRNA::tRNA-Trp-CCA-1-1;repeat::tRNA;gene::LINC00324	89	13	8	71
125	0	gene miRNA|gene::MIR501,CLCN5,CLCN5,CLCN5;miRNA::hsa-miR-501-5p,hsa-miR-501-3p	108	16	43	328
126	0	ncrna gene|ncrna::U74;gene::GAS5,GAS5,GAS5,GAS5,GAS5,GAS5,GAS5,GAS5,GAS5,GAS5,GAS5,GAS5,GAS5,GAS5,GAS5,SNORD74	2120	529	1072	1941
127	0	ncrna gene|ncrna::HBII-108B;gene::SNORD19B,GNL3,GNL3,GNL3	1914	128	505	1243
128	0	ncrna gene|ncrna::ACA45;gene::SNHG21,SNHG21,SNHG21,SCARNA15,FSD2,FSD2,FSD2	961	210	333	722
129	0	ncrna repeat gene|ncrna::U8;repeat::snRNA;gene::TMEM107,TMEM107,TMEM107,TMEM107,TMEM107,TMEM107	233	63	739	640
130	0	repeat|repeat::snRNA	1467	441	535	415
131	0	ncrna gene|ncrna::U37;gene::MIR1268A,SNORD37,EEF2	887	203	479	1395
132	0	repeat miRNA gene|repeat::LINE,LINE;miRNA::hsa-miR-151a-5p,hsa-miR-151a-3p;gene::PTK2,PTK2,PTK2,PTK2,PTK2,PTK2,PTK2,PTK2,PTK2,PTK2,PTK2,PTK2,PTK2,PTK2,PTK2,PTK2,PTK2,PTK2,PTK2,PTK2,PTK2,PTK2,PTK2,PTK2,PTK2,PTK2,PTK2,PTK2,PTK2,PTK2,PTK2,PTK2,PTK2,PTK2,PTK2,PTK2,PTK2,PTK2,PTK2,PTK2,PTK2,PTK2,PTK2,PTK2,PTK2,PTK2,PTK2,PTK2,PTK2,PTK2,PTK2,PTK2,PTK2,PTK2,PTK2,PTK2,PTK2,PTK2,PTK2,PTK2,PTK2,PTK2	1445	738	2987	2378
133	0	ncrna gene|ncrna::U30;gene::SNORD30,SNHG1,SNHG1,SNHG1,SNHG1,SNHG1,SNHG1,SNHG1,SNHG1,SNHG1,SNHG1,SNHG1,SNHG1	4026	871	1818	9832
134	0	|	19	27	153	18
135	0	gene miRNA|gene::NFYC,NFYC,NFYC,MIR30E,NFYC,NFYC,NFYC,NFYC;miRNA::hsa-miR-30e-5p,hsa-miR-30e-3p	14204	3205	4856	29679
136	0	gene miRNA|gene::MIR30A;miRNA::hsa-miR-30a-5p,hsa-miR-30a-3p	106	16	1357	43
137	0	|	353	300	366	311
138	0	|	13	10	21	22
139	0	tRNA repeat|tRNA::tRNA-Asn-GTT-10-1;repeat::tRNA	54	12	11	7
140	0	gene|gene::LOC100507412,RNA45SN5,RNA45SN1,RNA45SN4,RNA45SN2,RNA45SN3;gene::LOC100507412,RNA45SN5,RNA45SN1,RNA45SN4,RNA45SN2,RNA45SN3	10124	3479	3179	21601
141	0	ncrna gene|ncrna::U20;gene::NCL,SNORD20	2393	599	2178	670
142	0	gene|gene::VPS13B,VPS13B	23	60	100	0
143	0	|	295	1409	1347	161
144	0	|	206	0	0	159
145	0	ncrna gene|ncrna::U106;gene::ZFAS1,ZFAS1,SNORD12C,ZFAS1,ZFAS1,ZFAS1	167	51	149	81
146	0	ncrna gene|ncrna::mgh28S-2411;gene::SNORD6,TAF1D,TAF1D	428	23	141	263
147	0	ncrna gene|ncrna::HBII-420;gene::SNHG12,SNHG12,SNHG12,SNHG12,SNHG12,SNHG12,SNHG12,SNHG12,SNORD99	3205	682	1660	782
148	0	repeat gene|repeat::DNA;gene::ZC3HAV1	47	3	6	39
149	0	tRNA repeat gene|tRNA::tRNA-Gln-CTG-3-1;repeat::tRNA;gene::NBPF10,NBPF25P,NBPF20,NBPF19,NBPF10;tRNA::tRNA-Gln-CTG-3-2;repeat::tRNA;gene::NBPF19	28	0	0	174
150	0	tRNA repeat|tRNA::tRNA-Gln-TTG-3-1;repeat::tRNA;tRNA::tRNA-Gln-TTG-3-2;repeat::tRNA;tRNA::tRNA-Gln-TTG-3-3;repeat::tRNA;tRNA::tRNA-Gln-TTG-1-1;repeat::tRNA	1117	299	558	4516
151	0	repeat gene|repeat::tRNA;gene::TOR3A	1857	376	104	424
152	0	repeat|tRNA::tRNA-Gln-CTG-1-2;repeat::tRNA;tRNA::tRNA-Gln-CTG-1-2;repeat::tRNA;tRNA::tRNA-Gln-CTG-1-2;repeat::tRNA;tRNA::tRNA-Gln-CTG-1-2;repeat::tRNA;tRNA::tRNA-Gln-CTG-1-3;repeat::tRNA;tRNA::tRNA-Gln-CTG-1-1;repeat::tRNA;tRNA::tRNA-Gln-CTG-1-4;repeat::tRNA;tRNA::tRNA-Gln-CTG-1-4;repeat::tRNA;tRNA::tRNA-Gln-CTG-1-5;repeat::tRNA;tRNA::tRNA-Gln-CTG-2-1;repeat::tRNA;tRNA::tRNA-Gln-CTG-2-1;repeat::tRNA	5435	1558	1811	11364
153	0	ncrna gene|ncrna::U27;gene::SNORD27,SNHG1,SNHG1,SNHG1,SNHG1,SNHG1,SNHG1,SNHG1,SNHG1,SNHG1,SNHG1,SNHG1,SNHG1	706	209	268	664
154	0	ncrna gene|ncrna::U82;gene::NCL,SNORD82	3179	845	1339	2844
155	0	repeat|repeat::SINE;repeat::SINE;gene::USP14,USP14;repeat::SINE;gene::USP14,USP14;repeat::SINE;miRNA::hsa-miR-1273h-3p;gene::PRKCB,PRKCB,MIR1273H;repeat::SINE;miRNA::hsa-miR-1273h-3p;gene::LIMA1,LIMA1;repeat::SINE;miRNA::hsa-miR-1273h-3p;gene::NHSL1;repeat::SINE;miRNA::hsa-miR-1273h-3p;gene::NHSL1;repeat::SINE;miRNA::hsa-miR-1273h-3p;gene::LLGL2,LLGL2,LLGL2;repeat::SINE;miRNA::hsa-miR-1273h-3p;gene::ACTG2,ACTG2;repeat::SINE;miRNA::hsa-miR-1273h-3p;gene::FSIP1,FSIP1;repeat::SINE;miRNA::hsa-miR-1273h-3p;gene::FSIP1,FSIP1	158	24	68	103
156	0	gene|gene::VTRNA2-1	1398	513	414	977
157	0	ncrna gene|ncrna::ACA44;gene::SNHG12,SNHG12,SNHG12,SNHG12,SNHG12,SNHG12,SNORA44,SNHG12,SNHG12	67	55	36	39
158	0	gene miRNA|gene::MIR103B2,MIR103A2,PANK2,PANK2,PANK2,PANK2,PANK2,PANK2;miRNA::hsa-miR-103b,hsa-miR-103a-2-5p,hsa-miR-103a-3p;gene::MIR103B1,MIR103A1,PANK3;miRNA::hsa-miR-103a-3p,hsa-miR-103b	17320	3992	6648	14224
159	0	repeat|repeat::tRNA;repeat::tRNA	811	939	804	4358
160	0	repeat|repeat::scRNA	6413	1678	2886	4486
161	0	tRNA repeat|tRNA::tRNA-Arg-TCT-3-2;repeat::tRNA;tRNA::tRNA-Arg-TCT-3-1;repeat::tRNA	9	9	12	177
162	0	tRNA repeat|tRNA::tRNA-Arg-TCT-1-1;repeat::tRNA	137	7	17	276
163	0	ncrna gene|ncrna::U18A;gene::SNORD18A,RPL4	746	59	536	674
164	0	ncrna gene|ncrna::U18B;gene::SNORD18B,RPL4	1857	212	691	1660
165	0	ncrna gene|ncrna::U64;gene::SNORA64,RPS2	19	8	10	12
166	0	gene miRNA|gene::MIR769;miRNA::hsa-miR-769-5p,hsa-miR-769-3p	2050	480	801	2539
167	0	gene|gene::LDHA,LDHA,LDHA,LDHA,LDHA,LDHA	30	9	31	11
168	0	ncrna gene|ncrna::U69;gene::SNORA69,RPL39	1072	97	123	852
169	0	gene miRNA|gene::MIR210,MIR210HG;miRNA::hsa-miR-210-3p,hsa-miR-210-5p	5773	2140	1738	3881
170	0	ncrna gene|ncrna::ACA61;gene::SNHG12,SNHG12,SNORA61,SNHG12,SNHG12,SNHG12,SNHG12,SNHG12,SNHG12	46	12	5	91
171	0	gene|gene::NR3C2,NR3C2,NR3C2,NR3C2	246	0	3	107
172	0	repeat miRNA gene|repeat::SINE,SINE;miRNA::hsa-miR-378a-5p,hsa-miR-378a-3p;gene::MIR378A,PPARGC1B,PPARGC1B;repeat::SINE;miRNA::hsa-miR-378a-5p,hsa-miR-378a-3p;gene::ZNF860	16902	4638	6957	21982
173	0	|	22	0	6	4
174	0	repeat miRNA gene|repeat::SINE;miRNA::hsa-miR-342-3p,hsa-miR-342-5p;gene::MIR342,EVL,EVL	3361	1064	1763	4881
175	0	repeat|repeat::scRNA	20277	6075	14784	26446
176	0	repeat gene|repeat::scRNA;gene::SNX4,SNX4;repeat::scRNA;gene::ERICH2	2052	364	1588	3368
177	0	repeat gene|repeat::scRNA;repeat::scRNA;gene::MYO1D,MYO1D,MYO1D	65	10	102	214
178	0	gene|gene::ACTB;gene::KDM4C,KDM4C,KDM4C,KDM4C,KDM4C,KDM4C,KDM4C,KDM4C,KDM4C,KDM4C,KDM4C,KDM4C,KDM4C,KDM4C,KDM4C;gene::KDM4C,KDM4C,KDM4C,KDM4C,KDM4C,KDM4C,KDM4C,KDM4C,KDM4C,KDM4C,KDM4C,KDM4C,KDM4C,KDM4C,KDM4C	18	7	29	20
179	0	gene miRNA|gene::MIR92A2;miRNA::hsa-miR-92a-3p;gene::MIR17HG,MIR17HG,MIR92A1;miRNA::hsa-miR-92a-1-5p,hsa-miR-92a-3p	462135	97968	149256	327513
180	0	repeat miRNA gene|repeat::Low_complexity,Low_complexity;miRNA::hsa-miR-92b-3p,hsa-miR-92b-5p;gene::MIR92B	4436	1273	1691	7133
181	0	gene miRNA|gene::SKA2,SKA2,MIR454,SKA2;miRNA::hsa-miR-454-5p,hsa-miR-454-3p	655	135	373	1168
182	0	repeat|repeat::tRNA	71	17	0	3
183	0	ncrna repeat|ncrna::U3;repeat::snRNA;ncrna::U3-3;repeat::snRNA;ncrna::U3-2B;repeat::snRNA;ncrna::U3-2;repeat::snRNA	3061	1431	1881	1866
184	0	gene miRNA|gene::MIR425,DALRD3;miRNA::hsa-miR-425-5p,hsa-miR-425-3p	2340	696	1472	3753
185	0	ncrna gene|ncrna::HBII-429;gene::SNORD100,RPS12	278	37	127	2843
186	0	gene|gene::RGPD2,RGPD1;gene::RGPD2,RGPD1;gene::RGPD2,RGPD1	0	22	31	0
187	0	repeat miRNA gene|repeat::LTR;miRNA::hsa-miR-3681-5p;gene::MIR3681,MIR3681HG	181	136	55	450
188	0	repeat gene|repeat::scRNA;gene::KRIT1,KRIT1,KRIT1,KRIT1,KRIT1,KRIT1,KRIT1,KRIT1,KRIT1,KRIT1,KRIT1,KRIT1,KRIT1,KRIT1,KRIT1,KRIT1,KRIT1,KRIT1,KRIT1,KRIT1,KRIT1,KRIT1,KRIT1,KRIT1,KRIT1,KRIT1,KRIT1,KRIT1,KRIT1,KRIT1,KRIT1,KRIT1,KRIT1,KRIT1;repeat::scRNA;gene::KRIT1,KRIT1,KRIT1,KRIT1,KRIT1,KRIT1,KRIT1,KRIT1,KRIT1,KRIT1,KRIT1,KRIT1,KRIT1,KRIT1,KRIT1,KRIT1,KRIT1,KRIT1,KRIT1,KRIT1,KRIT1,KRIT1,KRIT1,KRIT1,KRIT1,KRIT1,KRIT1,KRIT1,KRIT1,KRIT1,KRIT1,KRIT1,KRIT1,KRIT1	43	3	30	80
189	0	gene miRNA|gene::COPZ1,COPZ1,COPZ1,COPZ1,MIR148B,COPZ1;miRNA::hsa-miR-148b-5p,hsa-miR-148b-3p	3949	684	1382	6598
190	0	ncrna gene|ncrna::HBI-6;gene::DANCR,DANCR,SNORA26,DANCR	58	0	5	17
191	0	|	13	31	110	54
192	0	ncrna gene|ncrna::U50B;gene::SNHG5,SNORD50B	4896	407	986	723
193	0	gene miRNA|gene::MIR192,MIR194-2HG,MIR194-2HG,MIR194-2HG;miRNA::hsa-miR-192-5p	7001	703	5702	7940
194	0	gene|gene::CCSER1	30	9	27	4
195	0	|	13	60	157	16
196	0	ncrna gene|ncrna::E2;gene::RPSA,RPSA,SNORA62	33	3	12	268
197	0	gene miRNA|gene::MIR17HG,MIR17HG,MIR19A;miRNA::hsa-miR-19a-5p,hsa-miR-19a-3p	273	132	134	776
198	0	ncrna gene|ncrna::HBII-95B;gene::SNORD11B,NOP58	232	51	132	23
199	0	gene|gene::SDF4,SDF4	898	147	332	1534
200	0	tRNA repeat gene|tRNA::tRNA-Arg-CCT-4-1;repeat::tRNA;gene::FMC1,FMC1,FMC1,LUC7L2	111	14	34	1200
201	0	tRNA repeat gene|tRNA::tRNA-Arg-CCT-2-1;repeat::tRNA;gene::KCTD2	678	166	223	3126
202	0	tRNA repeat|tRNA::tRNA-Arg-CCT-3-1;repeat::tRNA	0	0	3	422
203	0	gene miRNA|gene::CHPF2,CHPF2,MIR671;miRNA::hsa-miR-671-5p,hsa-miR-671-3p	692	100	134	496
204	0	repeat|repeat::tRNA;tRNA::tRNA-Val-AAC-1-2;repeat::tRNA;tRNA::tRNA-Val-AAC-3-1;repeat::tRNA;tRNA::tRNA-Val-AAC-4-1;repeat::tRNA;tRNA::tRNA-Val-CAC-1-2;repeat::tRNA;tRNA::tRNA-Val-CAC-1-2;repeat::tRNA;gene::LOC101927043,LOC101927043;tRNA::tRNA-Val-AAC-1-5;repeat::tRNA;gene::LOC101927043,LOC101927043;tRNA::tRNA-Val-AAC-1-1;repeat::tRNA;gene::LOC101927043,LOC101927043;tRNA::tRNA-Val-AAC-1-3;repeat::tRNA;gene::LOC101927043,LOC101927043;tRNA::tRNA-Val-CAC-1-6;repeat::tRNA;gene::LOC101927043,LOC101927043;tRNA::tRNA-Val-CAC-5-1;repeat::tRNA;gene::LOC101929798;tRNA::tRNA-Val-CAC-1-5;repeat::tRNA;gene::LOC101929798;tRNA::tRNA-Val-CAC-1-3;repeat::tRNA;gene::LOC101929798;tRNA::tRNA-Val-CAC-1-4;repeat::tRNA;gene::LOC101929798;tRNA::tRNA-Val-AAC-1-4;repeat::tRNA;gene::LOC101929798;tRNA::tRNA-Val-CAC-1-1;repeat::tRNA;gene::LOC101929798;tRNA::tRNA-Val-CAC-4-1;repeat::tRNA;gene::LOC101929798	5027	2355	862	196064
205	0	tRNA repeat|tRNA::tRNA-Val-CAC-2-1;repeat::tRNA	24	0	0	9773
206	0	tRNA repeat|tRNA::tRNA-Val-CAC-3-1;repeat::tRNA	65	3	0	347
207	0	tRNA repeat|tRNA::tRNA-Val-AAC-2-1;repeat::tRNA	127	39	64	15807
208	0	ncrna gene|ncrna::mgU6-77;gene::EIF4A1,EIF4A1,SNORD10,SENP3-EIF4A1	433	102	144	76
209	0	gene miRNA|gene::MIRLET7BHG,MIRLET7BHG,MIRLET7A3;miRNA::hsa-let-7a-5p;gene::MIRLET7A1;miRNA::hsa-let-7a-5p;gene::MIRLET7A2,MIR100HG,MIR100HG,MIR100HG,MIR100HG,MIR100HG,MIR100HG,MIR100HG,MIR100HG,MIR100HG,MIR100HG,MIR100HG,MIR100HG,MIR100HG,MIR100HG;miRNA::hsa-let-7a-5p	88186	15469	30829	111166
210	0	gene miRNA|gene::MIRLET7DHG,MIRLET7D,MIRLET7DHG;miRNA::hsa-let-7d-5p,hsa-let-7d-3p	5668	1144	2466	5159
211	0	gene miRNA|gene::MIRLET7B,MIRLET7BHG,MIRLET7BHG;miRNA::hsa-let-7b-5p	237	401	110	1076
212	0	gene|gene::HIST1H4C	14	6	9	15
213	0	gene miRNA|gene::MIR142,TSPOAP1-AS1,TSPOAP1-AS1,TSPOAP1-AS1,TSPOAP1-AS1;miRNA::hsa-miR-142-5p,hsa-miR-142-3p	76482	19099	32964	112843
214	0	ncrna gene|ncrna::U104;gene::SNHG25,SNORD104	10309	1462	4170	8132
215	0	ncrna gene|ncrna::U67;gene::EIF4A1,EIF4A1,SNORA67,SENP3-EIF4A1	36	0	0	14
216	0	gene|gene::CNTNAP1	329	34	113	325
217	0	ncrna gene|ncrna::U57;gene::NOP56,NOP56,NOP56,SNORD57	2111	479	1082	2191
218	0	|	659	1187	2486	245
219	0	gene|gene::PCBD2	7	26	21	0
220	0	ncrna gene|ncrna::HBII-336;gene::SNHG26,SNORD93	33760	4589	13191	39179
221	0	ncrna gene|ncrna::U61;gene::RBMX,RBMX,RBMX,SNORD61,RBMX	153	18	74	26
222	0	|	1796	4794	6488	545
223	0	gene miRNA|gene::MIR181A1HG,MIR181B1;miRNA::hsa-miR-181b-5p,hsa-miR-181b-3p;gene::MIR181B2,MIR181A2HG,NR6A1,NR6A1,NR6A1;miRNA::hsa-miR-181b-5p	7711	2285	4729	4236
224	0	gene miRNA|gene::MIR181D,NANOS3,NANOS3,NANOS3;miRNA::hsa-miR-181d-5p	147	47	154	109
225	0	gene|gene::RNA5-8SN5,RNA5-8SN1,RNA5-8SN2,RNA5-8SN3,RNA5-8SN4,LOC100507412,RNA45SN5,RNA45SN1,RNA45SN4,RNA45SN2,RNA45SN3;gene::RNA5-8SN1,RNA5-8SN2,RNA5-8SN3,RNA5-8SN4,RNA5-8SN5	165843	81268	83343	116335
226	0	gene miRNA|gene::MIR423,MIR3184,NSRP1,NSRP1;miRNA::hsa-miR-423-5p,hsa-miR-423-3p,hsa-miR-3184-5p,hsa-miR-3184-3p	20410	5051	8416	14628
227	0	repeat|repeat::scRNA	178440	30279	97091	182284
228	0	repeat|repeat::scRNA	69	4	19	560
229	0	ncrna gene|ncrna::ACA3-2;gene::RPL27A,SNORA3B	107	35	77	730
230	0	|	34	126	308	61
231	0	repeat gene|repeat::srpRNA;repeat::srpRNA;gene::RPS29	1688	329	472	349
232	0	gene|gene::RNU12	209	44	81	508
233	0	repeat|repeat::SINE,rRNA;gene::MIR7641-2;repeat::SINE,rRNA;gene::MIR7641-2;repeat::SINE,rRNA;gene::MIR7641-2;repeat::SINE,rRNA;gene::MIR7641-2;repeat::SINE,rRNA;gene::MIR7641-2;repeat::SINE,rRNA;gene::MIR7641-2;repeat::rRNA,SINE;gene::MIR7641-2;repeat::SINE,rRNA;gene::MIR7641-2;repeat::SINE,rRNA;gene::MIR7641-2;repeat::rRNA,SINE;gene::MIR7641-2;repeat::SINE,rRNA;gene::MIR7641-2;repeat::SINE,rRNA;gene::MIR7641-2;repeat::SINE,rRNA;gene::MIR7641-2;repeat::rRNA,SINE;gene::MIR7641-2;repeat::SINE,rRNA;gene::MIR7641-2;repeat::SINE,rRNA;gene::MIR7641-2;repeat::SINE,rRNA;gene::MIR7641-2,DUSP5P1,RHOU	225956	39146	69300	75608
234	0	ncrna gene|ncrna::U35A;gene::RPL13A,RPL13A,RPL13AP5,SNORD35A,RPL13A	63	26	8	37
235	0	repeat miRNA gene|repeat::LINE;miRNA::hsa-miR-4424;gene::MIR4424	0	0	0	442
236	0	|	231	851	1121	15
237	0	gene miRNA|gene::MIR155,MIR155HG;miRNA::hsa-miR-155-5p,hsa-miR-155-3p	341609	53785	123312	169216
238	0	gene|gene::MIPEP	3470	549	328	1794
239	0	tRNA repeat gene|tRNA::tRNA-Glu-TTC-9-1;repeat::tRNA;gene::ABI2,ABI2,ABI2,ABI2	33	20	35	7812
240	0	tRNA repeat gene|tRNA::tRNA-Gly-CCC-6-1;repeat::tRNA;gene::LOC101929798	162	99	57	439
241	0	repeat|repeat::LTR;repeat::LTR	1096	289	111	776
242	0	tRNA repeat|tRNA::tRNA-Gly-GCC-2-2;repeat::tRNA;tRNA::tRNA-Gly-GCC-2-3;repeat::tRNA;tRNA::tRNA-Gly-GCC-2-1;repeat::tRNA;tRNA::tRNA-Gly-GCC-2-6;repeat::tRNA;tRNA::tRNA-Gly-GCC-3-1;repeat::tRNA;gene::VAC14,VAC14;tRNA::tRNA-Gly-GCC-2-4;repeat::tRNA;gene::VAC14,VAC14;tRNA::tRNA-Gly-GCC-2-5;repeat::tRNA;gene::VAC14,VAC14	5584	888	1268	63019
243	0	tRNA repeat|tRNA::tRNA-Gly-GCC-1-5;repeat::tRNA;tRNA::tRNA-Gly-GCC-1-4;repeat::tRNA;tRNA::tRNA-Gly-GCC-1-1;repeat::tRNA;tRNA::tRNA-Gly-GCC-1-2;repeat::tRNA;tRNA::tRNA-Gly-GCC-1-3;repeat::tRNA	1354	160	101	11348
244	0	tRNA repeat|tRNA::tRNA-Gly-TCC-3-1;repeat::tRNA;gene::LINC00324;tRNA::tRNA-Gly-TCC-2-2;repeat::tRNA;gene::LINC00324;tRNA::tRNA-Gly-TCC-2-1;repeat::tRNA;gene::NBPF20,NBPF19,NBPF10,NBPF10;tRNA::tRNA-Gly-TCC-2-3;repeat::tRNA;gene::NBPF20,NBPF19,NBPF10,NBPF10;tRNA::tRNA-Gly-TCC-2-4;repeat::tRNA;gene::NBPF20,NBPF19,NBPF10,NBPF10;tRNA::tRNA-Gly-TCC-2-5;repeat::tRNA;gene::NBPF20,NBPF19,NBPF10,NBPF10;tRNA::tRNA-Gly-TCC-2-6;repeat::tRNA;gene::NBPF20,NBPF19,NBPF10,NBPF10;tRNA::tRNA-Gly-TCC-1-1;repeat::tRNA;gene::NBPF20,NBPF19,NBPF10,NBPF10	511	185	231	1183
245	0	|	31	117	241	12
246	0	repeat|repeat::tRNA	73683	140730	212296	40656
247	0	gene|gene::ERCC6L2,ERCC6L2	73	293	280	114
248	0	ncrna gene|ncrna::U45B;gene::RABGGTB,SNORD45B,RABGGTB	219	45	131	989
249	0	ncrna gene|ncrna::SNORD119;gene::SNRPB,SNRPB,SNORD119	581	68	236	1874
250	0	ncrna gene|ncrna::U50;gene::SNHG5,SNORD50A	14053	2007	5462	12299
251	0	|	31	4	179	3
252	0	repeat gene|repeat::Low_complexity;gene::SARS2,SARS2	58	0	3	7
253	0	tRNA repeat|tRNA::tRNA-Tyr-GTA-2-1;repeat::tRNA	897	210	131	713
254	0	tRNA repeat|tRNA::tRNA-Tyr-GTA-5-1;repeat::tRNA;tRNA::tRNA-Tyr-GTA-5-3;repeat::tRNA	90	19	3	40
255	0	repeat|repeat::Low_complexity,Simple_repeat	18	0	12	7
256	0	repeat gene|repeat::Low_complexity;gene::LOC100507412,RNA45SN5,RNA45SN1,RNA45SN4,RNA45SN2,RNA45SN3;repeat::Low_complexity;gene::LOC100507412,RNA45SN5,RNA45SN1,RNA45SN4,RNA45SN2,RNA45SN3	13	3	16	9
257	0	repeat gene|repeat::rRNA,Simple_repeat,rRNA,Simple_repeat,Simple_repeat,rRNA,Simple_repeat,rRNA,rRNA;gene::LOC100507412,RNA45SN5,RNA45SN1,RNA45SN4,RNA45SN2,RNA45SN3,RNA28SN5,RNA28SN1,RNA28SN4,RNA28SN2,RNA28SN3;repeat::rRNA,Simple_repeat,rRNA,Simple_repeat,rRNA,rRNA,Simple_repeat,rRNA,Simple_repeat;gene::LOC100507412,RNA45SN5,RNA45SN1,RNA45SN4,RNA45SN2,RNA45SN3,RNA28SN5,RNA28SN1,RNA28SN4,RNA28SN2,RNA28SN3	682191	426364	682013	390335
258	0	tRNA repeat|tRNA::tRNA-Tyr-GTA-8-1;repeat::tRNA	126	6	0	41
259	0	repeat gene|repeat::Simple_repeat;gene::RELN,RELN	294	33	43	354
260	0	repeat|repeat::tRNA;tRNA::tRNA-Lys-TTT-3-3;repeat::tRNA;tRNA::tRNA-Lys-TTT-3-3;repeat::tRNA;tRNA::tRNA-Lys-TTT-3-4;repeat::tRNA;tRNA::tRNA-Lys-TTT-3-4;repeat::tRNA;tRNA::tRNA-Lys-TTT-3-5;repeat::tRNA;tRNA::tRNA-Lys-TTT-3-2;repeat::tRNA;tRNA::tRNA-Lys-TTT-3-2;repeat::tRNA;tRNA::tRNA-Lys-TTT-3-2;repeat::tRNA	3980	1111	611	6690
261	0	repeat gene|repeat::Low_complexity,Simple_repeat,Low_complexity,rRNA,Low_complexity,Simple_repeat,Low_complexity;gene::RNA18SN4,RNA18SN2,RNA18SN3,LOC100507412,RNA45SN5,RNA45SN1,RNA45SN4,RNA45SN2,RNA45SN3,RNA18SN5,RNA18SN1;repeat::Low_complexity,Simple_repeat,Low_complexity,rRNA,Low_complexity,Simple_repeat,Low_complexity;gene::RNA18SN5,RNA18SN1,RNA18SN4,RNA18SN2,RNA18SN3	434155	251400	480315	146177
262	0	tRNA repeat|tRNA::tRNA-Lys-TTT-3-1;repeat::tRNA	771	214	41	640
263	0	repeat gene|repeat::LTR,LTR;gene::ZNF773,ZNF773,ZNF773	1312	466	307	6984
264	0	tRNA repeat|tRNA::tRNA-Lys-CTT-2-2;repeat::tRNA;tRNA::tRNA-Lys-CTT-2-1;repeat::tRNA;gene::NBPF20,NBPF19,NBPF10,NBPF10;tRNA::tRNA-Lys-CTT-2-3;repeat::tRNA;gene::NBPF20,NBPF19,NBPF10,NBPF10;tRNA::tRNA-Lys-CTT-2-4;repeat::tRNA;gene::NBPF20,NBPF19,NBPF10,NBPF10;tRNA::tRNA-Lys-CTT-2-5;repeat::tRNA;gene::NBPF20,NBPF19,NBPF10,NBPF10	1838	638	755	12214
265	0	tRNA repeat|tRNA::tRNA-Lys-CTT-4-1;repeat::tRNA;tRNA::tRNA-Lys-CTT-1-2;repeat::tRNA;tRNA::tRNA-Lys-CTT-1-1;repeat::tRNA	1219	250	743	9885
266	0	|	329	97	234	505
267	0	repeat miRNA gene|repeat::rRNA;miRNA::hsa-miR-4485;gene::MIR4485,MTRNR2L8;repeat::rRNA;miRNA::hsa-miR-4485;gene::MTRNR2L9,KHDRBS2;repeat::rRNA;miRNA::hsa-miR-4485;gene::MTRNR2L9,KHDRBS2	1953	5365	6550	388
268	0	repeat gene|repeat::tRNA,rRNA,tRNA;gene::RNR1,RNR2	191854	439537	538138	73134
269	0	|	73	214	247	87
270	0	ncrna gene|ncrna::mgh28S-2409;gene::SNORD5,TAF1D,TAF1D	461	40	279	730
271	0	tRNA repeat|tRNA::tRNA-Ala-AGC-8-1;repeat::tRNA	88	17	6	239
272	0	gene miRNA|gene::MIR2110,CCDC186,CCDC186,CCDC186,CCDC186;miRNA::hsa-miR-2110	12	0	6	40
273	0	gene|gene::RNU11,LINC01715	239	69	65	98
274	0	ncrna gene|ncrna::U32A;gene::RPL13A,RPL13AP5,SNORD32A,RPL13A,RPL13A	1095	324	770	495
275	0	|	29	7	10	4
276	0	ncrna gene|ncrna::U79;gene::SNORD79,GAS5,GAS5,GAS5,GAS5,GAS5,GAS5,GAS5,GAS5,GAS5,GAS5,GAS5,GAS5,GAS5,GAS5,GAS5	25	5	17	53
277	0	gene miRNA|gene::MIR320A;miRNA::hsa-miR-320a	4298	1224	1682	1860
278	0	|	44	0	0	6
279	0	gene|gene::VTRNA2-1	850	483	272	471
280	0	ncrna gene|ncrna::HBII-180C;gene::C19orf48,SNORD88C,C19orf48,C19orf48,C19orf48,C19orf48,C19orf48,C19orf48,C19orf48,C19orf48,C19orf48	170	34	69	484
281	0	ncrna gene|ncrna::HBII-180A;gene::C19orf48,SNORD88A,C19orf48,C19orf48,C19orf48,C19orf48,C19orf48,C19orf48,C19orf48,C19orf48,C19orf48	100	46	45	620
282	0	tRNA repeat|tRNA::tRNA-Asp-GTC-2-11;repeat::tRNA;gene::LINC00324;tRNA::tRNA-Asp-GTC-2-1;repeat::tRNA;gene::LINC00324;tRNA::tRNA-Asp-GTC-2-6;repeat::tRNA;gene::LINC00324;tRNA::tRNA-Asp-GTC-2-2;repeat::tRNA;gene::LINC00324;tRNA::tRNA-Asp-GTC-2-3;repeat::tRNA;gene::LINC00324;tRNA::tRNA-Asp-GTC-2-8;repeat::tRNA;gene::LTA4H,LTA4H;tRNA::tRNA-Asp-GTC-2-4;repeat::tRNA;gene::LTA4H,LTA4H;tRNA::tRNA-Asp-GTC-2-5;repeat::tRNA;gene::LTA4H,LTA4H;tRNA::tRNA-Asp-GTC-2-9;repeat::tRNA;gene::LTA4H,LTA4H;tRNA::tRNA-Asp-GTC-2-10;repeat::tRNA;gene::LTA4H,LTA4H;tRNA::tRNA-Asp-GTC-2-7;repeat::tRNA;gene::LTA4H,LTA4H	1054	445	210	2861
283	0	tRNA repeat gene|tRNA::tRNA-Asp-GTC-1-1;repeat::tRNA;gene::LINC02453	16	0	0	60
284	0	gene|gene::LOC100507412,RNA45SN5,RNA45SN1,RNA45SN4,RNA45SN2,RNA45SN3;gene::LOC100507412,RNA45SN5,RNA45SN1,RNA45SN4,RNA45SN2,RNA45SN3;gene::PMF1-BGLAP,PMF1,PMF1,PMF1,PMF1-BGLAP,PMF1-BGLAP,PMF1-BGLAP	193	120	67	33
285	0	gene miRNA|gene::MIR10B;miRNA::hsa-miR-10b-5p	88	4	106	113
286	0	ncrna gene|ncrna::U41;gene::TNPO2,TNPO2,TNPO2,SNORD41	315	104	221	33
287	0	ncrna gene|ncrna::HBII-180B;gene::C19orf48,SNORD88B,C19orf48,C19orf48,C19orf48,C19orf48,C19orf48,C19orf48,C19orf48,C19orf48,C19orf48	8	0	0	83
288	0	ncrna gene|ncrna::ACA50;gene::SNORA50A,CNOT1,CNOT1,CNOT1,CNOT1	195	81	73	66
289	0	ncrna miRNA gene|ncrna::ACA36B;miRNA::hsa-miR-664a-5p,hsa-miR-664a-3p;gene::SNORA36B,MIR664A,RAB3GAP2	263	36	63	120
290	0	|	9	11	6	106
291	0	ncrna gene|ncrna::U55;gene::SNORD55,RPS8	218	28	23	101
292	0	repeat gene|repeat::LINE;gene::EGFR,EGFR,EGFR,EGFR,EGFR,EGFR,EGFR,EGFR	54440	10542	14865	53325
293	0	|	3391	767	1259	2170
294	0	gene miRNA|gene::MIR197;miRNA::hsa-miR-197-5p,hsa-miR-197-3p	1257	362	267	1122
295	0	repeat gene|repeat::Low_complexity;repeat::Low_complexity;gene::LOC100507412,RNA45SN5,RNA45SN1,RNA45SN4,RNA45SN2,RNA45SN3;repeat::Low_complexity;gene::LOC100507412,RNA45SN5,RNA45SN1,RNA45SN4,RNA45SN2,RNA45SN3	26	27	59	43
296	0	repeat gene|repeat::Simple_repeat;gene::RNA45SN2,RNA45SN3,LOC100507412,RNA45SN5,RNA45SN1,RNA45SN4;repeat::Simple_repeat;gene::RNA45SN2,RNA45SN3,LOC100507412,RNA45SN5,RNA45SN1,RNA45SN4	74	5	14	70
297	0	|	3	18	13	0
298	0	ncrna gene|ncrna::HBI-100;gene::SCARNA3,COP1,COP1,COP1	182	17	49	37
299	0	ncrna gene|ncrna::U103;gene::SNORD103A,SNORD103B,PUM1,PUM1;ncrna::U103B;gene::PUM1,PUM1,SNORD103A,SNORD103B	50	27	15	19
300	0	ncrna gene|ncrna::U105B;gene::PPAN,SNORD105B,PPAN,PPAN,PPAN,PPAN-P2RY11,PPAN-P2RY11	94	16	30	342
301	0	repeat gene|repeat::Simple_repeat;gene::FTH1	16	0	4	40
302	0	ncrna gene|ncrna::U22;gene::SNHG1,SNHG1,SNHG1,SNHG1,SNHG1,SNHG1,SNHG1,SNHG1,SNHG1,SNHG1,SNORD22,SNHG1,SNHG1	282	55	107	82
303	0	gene miRNA|gene::MIR339,C7orf50,C7orf50,C7orf50,C7orf50,C7orf50,C7orf50,C7orf50,C7orf50,C7orf50,C7orf50,C7orf50;miRNA::hsa-miR-339-5p,hsa-miR-339-3p	2377	896	960	1693
304	0	ncrna gene|ncrna::HBII-234;gene::SNORD70,NOP58	263	41	230	137
305	0	gene|gene::SNORD70B,NOP58	118	20	86	115
306	0	gene miRNA|gene::KLHL3,KLHL3,KLHL3,MIR874;miRNA::hsa-miR-874-3p,hsa-miR-874-5p	468	186	170	1214
307	0	gene miRNA|gene::MIR15B,SMC4,SMC4,SMC4,TRIM59-IFT80,TRIM59-IFT80,TRIM59-IFT80;miRNA::hsa-miR-15b-5p,hsa-miR-15b-3p	2302	405	662	3113
308	0	|	22	128	170	11
309	0	ncrna gene|ncrna::U71a;gene::SNORA71A,SNHG17,SNHG17,SNHG17,SNHG17,SNHG17,SNHG17,SNHG17,SNHG17,SNHG17,SNHG17,SNHG17,SNHG17,SNHG17,SNHG17	48	0	13	49
310	0	gene miRNA|gene::PTK2B,PTK2B,MIR6842,PTK2B,PTK2B;miRNA::hsa-miR-6842-3p	384	150	170	224
311	0	gene miRNA|gene::MIR363;miRNA::hsa-miR-363-3p	4236	849	551	4549
312	0	ncrna gene|ncrna::ACA24;gene::SNORA24,SNHG8,SNHG8,SNHG8;ncrna::ACA24;gene::SNORA24B,PARP16,PARP16,PARP16;ncrna::ACA24;gene::SNORA24B,PARP16,PARP16,PARP16	22	26	17	36
313	0	gene miRNA|gene::NANOS3,NANOS3,NANOS3,MIR181C;miRNA::hsa-miR-181c-5p,hsa-miR-181c-3p	1418	705	2164	1307
314	0	gene|gene::HIST2H2AA3,HIST2H2AA4;gene::HIST2H2AA3,HIST2H2AA4	89	12	3	28
315	0	ncrna repeat|ncrna::U13;repeat::snRNA	1293	232	385	1767
316	0	gene|gene::HIST1H3I	29	3	0	80
317	0	ncrna gene|ncrna::U97;gene::SNORD97,EIF4G2,EIF4G2,EIF4G2	102	0	50	52
318	0	repeat|repeat::SINE,snRNA;gene::RNU6-2;repeat::snRNA,LINE;gene::RNU6-2;repeat::snRNA;gene::RNU6-2;repeat::snRNA;gene::RNU6-2;repeat::snRNA;gene::RNU6-2,SOX2-OT,SOX2-OT,SOX2-OT;repeat::snRNA;gene::RNU6-2;repeat::snRNA;gene::RNU6-2,KIF1B,KIF1B;repeat::snRNA;gene::RNU6-2;repeat::LINE,snRNA;gene::HERC3,HERC3;repeat::snRNA;gene::HERC3,HERC3;repeat::snRNA,LINE;gene::LOC643711;repeat::snRNA;gene::RNU6-2;repeat::snRNA;gene::XXYLT1,XXYLT1;repeat::LINE,snRNA;gene::RNU6-2;repeat::snRNA;gene::RNU6-2;repeat::snRNA,LINE;gene::RNU6-2	59	14	24	88
319	0	ncrna gene|ncrna::U19-2;gene::SNORA74B,ATP6V0E1	33	11	21	30
320	0	ncrna gene|ncrna::U29;gene::SNORD29,SNHG1,SNHG1,SNHG1,SNHG1,SNHG1,SNHG1,SNHG1,SNHG1,SNHG1,SNHG1,SNHG1,SNHG1	10205	820	3810	55911
321	0	ncrna gene|ncrna::ACA43;gene::SNHG7,SNHG7,SNHG7,SNORA17B	112	34	45	86
322	0	gene miRNA|gene::MIRLET7I;miRNA::hsa-let-7i-5p	16230	3234	5434	12833
323	0	ncrna gene|ncrna::U42B;gene::SNORD42B,RPL23A	70	0	34	87
324	0	ncrna gene|ncrna::U95;gene::SNORD95,RACK1	1224	429	681	341
325	0	ncrna gene|ncrna::HBII-251;gene::SNORD103C,PUM1,PUM1	649	132	297	569
326	0	|	595	845	735	1892
327	0	gene miRNA|gene::MIR26A2,CTDSP2;miRNA::hsa-miR-26a-5p,hsa-miR-26a-2-3p;gene::MIR26A1,CTDSPL,CTDSPL;miRNA::hsa-miR-26a-5p	20557	4025	10165	22829
328	0	tRNA|tRNA::tRNA-Gly-CCC-2-2	1486	91	44	552
329	0	ncrna gene|ncrna::HBII-295;gene::SNORD90,RC3H2,RC3H2,RC3H2,RC3H2,RC3H2,RC3H2	57	12	18	14
330	0	ncrna gene|ncrna::U65;gene::SNORA65,RPL12	41	10	44	27
331	0	repeat miRNA gene|repeat::DNA;miRNA::hsa-miR-361-5p,hsa-miR-361-3p;gene::MIR361,CHM,CHM	2447	476	918	1644
332	0	ncrna gene|ncrna::U19;gene::SNHG4,SNHG4,SNORA74A,MATR3,MATR3,MATR3	577	93	207	199
333	0	gene|gene::MALAT1,TALAM1,MALAT1,MALAT1	12	3	28	6
334	0	ncrna gene|ncrna::HBII-142;gene::SNORD66,EIF4G1,EIF4G1,EIF4G1,EIF4G1,EIF4G1,EIF4G1,EIF4G1,EIF4G1	1584	407	1019	1438
335	0	ncrna gene|ncrna::U16;gene::SNORD16,RPL4	52	20	52	57
336	0	ncrna gene|ncrna::U36C;gene::RPL7A,SNORD36C	73	5	16	11
337	0	gene miRNA|gene::MIR223;miRNA::hsa-miR-223-5p,hsa-miR-223-3p	179	22	10	319
338	0	gene miRNA|gene::MIR629,TLE3,TLE3,TLE3,TLE3,TLE3,TLE3,TLE3;miRNA::hsa-miR-629-5p,hsa-miR-629-3p	225	25	71	105
339	0	|	14	4	3	18
340	0	gene miRNA|gene::ZRANB2,ZRANB2,MIR186;miRNA::hsa-miR-186-5p	14800	2765	8905	29395
341	0	gene miRNA|gene::MIR128-1,R3HDM1,R3HDM1,R3HDM1,R3HDM1,R3HDM1,R3HDM1;miRNA::hsa-miR-128-3p,hsa-miR-128-1-5p	1875	395	771	2982
342	0	gene|gene::RPPH1	63	7	27	17
343	0	repeat gene|repeat::Low_complexity,Simple_repeat;gene::RNA45SN1,RNA45SN4,RNA45SN2,RNA45SN3,LOC100507412,RNA45SN5;repeat::Low_complexity,Simple_repeat;gene::RNA45SN1,RNA45SN4,RNA45SN2,RNA45SN3,LOC100507412,RNA45SN5	154	62	118	59
344	0	|	7	25	43	20
345	0	repeat gene|repeat::scRNA;gene::PARD3,PARD3,PARD3,PARD3,PARD3,PARD3,PARD3,PARD3	227	46	149	189
346	0	|	7	36	63	0
347	0	|tRNA::tRNA-His-GTG-1-4;repeat::tRNA;gene::NBPF19;tRNA::tRNA-His-GTG-1-1;repeat::tRNA;gene::NBPF20,NBPF19,NBPF10,NBPF10;tRNA::tRNA-His-GTG-1-2;repeat::tRNA;gene::NBPF19;tRNA::tRNA-His-GTG-1-9;repeat::tRNA;gene::SHF;tRNA::tRNA-His-GTG-1-5;repeat::tRNA;gene::SHF;tRNA::tRNA-His-GTG-1-6;repeat::tRNA;gene::SHF;tRNA::tRNA-His-GTG-1-3;repeat::tRNA;gene::NBPF19;tRNA::tRNA-His-GTG-1-7;repeat::tRNA;gene::SHF;tRNA::tRNA-His-GTG-1-8;repeat::tRNA;gene::SHF	2081	532	651	11968
348	0	gene|gene::SNORD19C,GNL3,GNL3,GNL3	3640	257	927	2071
349	0	|	41	15	49	21
350	0	ncrna gene|ncrna::U42A;gene::SNORD42A,RPL23A	477	115	374	766
351	0	tRNA repeat|tRNA::tRNA-Ile-AAT-5-5;repeat::tRNA	692	84	159	423
352	0	tRNA repeat|tRNA::tRNA-Ile-AAT-5-1;repeat::tRNA	63	0	7	18
353	0	tRNA repeat|tRNA::tRNA-Ile-AAT-5-2;repeat::tRNA,Low_complexity	430	70	66	835
354	0	repeat gene|repeat::LTR;gene::SYTL3,SYTL3,SYTL3,SYTL3,SYTL3;repeat::LTR;gene::SYTL3,SYTL3,SYTL3,SYTL3,SYTL3;repeat::LTR;gene::ZNF767P,ZNF767P	1618	576	97	811
355	0	tRNA repeat|tRNA::tRNA-Ile-AAT-2-1;repeat::tRNA	188	29	33	168
356	0	gene miRNA|gene::MIR328,ELMO3;miRNA::hsa-miR-328-3p	92	26	63	73
357	0	gene|gene::EEF1A1;gene::EEF1A1;gene::EEF1A1;gene::TPK1,TPK1,TPK1,TPK1,TPK1,TPK1,TPK1,TPK1,TPK1,TPK1,TPK1,TPK1,TPK1,TPK1,TPK1,TPK1,TPK1,TPK1;gene::TPK1,TPK1,TPK1,TPK1,TPK1,TPK1,TPK1,TPK1,TPK1,TPK1,TPK1,TPK1,TPK1,TPK1,TPK1,TPK1,TPK1,TPK1;gene::TPK1,TPK1,TPK1,TPK1,TPK1,TPK1,TPK1,TPK1,TPK1,TPK1,TPK1,TPK1,TPK1,TPK1,TPK1,TPK1,TPK1,TPK1;gene::C5orf34;gene::C5orf34;gene::C5orf34;gene::AEBP2,AEBP2,AEBP2;gene::AEBP2,AEBP2,AEBP2	39	3	26	12
358	0	ncrna gene|ncrna::U26;gene::SNORD26,SNHG1,SNHG1,SNHG1,SNHG1,SNHG1,SNHG1,SNHG1,SNHG1,SNHG1,SNHG1,SNHG1,SNHG1	4350	804	1713	2147
359	0	tRNA repeat|tRNA::tRNA-Leu-TAA-1-1;repeat::tRNA	48	11	15	45
360	0	ncrna gene|ncrna::HBI-43;gene::SNORD17,SNX5,SNX5,SNX5	410	57	145	806
361	0	gene|gene::RBFOX2,RBFOX2,RBFOX2,RBFOX2,RBFOX2,RBFOX2,RBFOX2,RBFOX2,RBFOX2,RBFOX2,RBFOX2,RBFOX2,RBFOX2,RBFOX2,RBFOX2,RBFOX2,RBFOX2,RBFOX2;gene::LOC107984974,LOC107984974,LOC107984974;gene::DGKI,DGKI,DGKI,DGKI;gene::LOC643339;gene::IL6ST,IL6ST,IL6ST,IL6ST;gene::RPL41,RPL41;gene::RPL41,RPL41	26	5	29	34
362	0	gene miRNA|gene::MIR130B;miRNA::hsa-miR-130b-5p,hsa-miR-130b-3p	3754	537	1443	3666
363	0	|	23	54	167	26
364	0	gene|gene::PLXNC1,PLXNC1	375	65	94	158
365	0	gene miRNA|gene::LOC284454,MIR24-2;miRNA::hsa-miR-24-3p,hsa-miR-24-2-5p	934	370	542	1426
366	0	gene miRNA|gene::MIR941-3,MIR941-4,MIR941-5,MIR941-2,MIR941-3,MIR941-4,MIR941-5,DNAJC5,MIR941-1,MIR941-2;miRNA::hsa-miR-941;gene::MIR941-1,MIR941-2,MIR941-3,MIR941-4,MIR941-5,MIR941-1,DNAJC5;miRNA::hsa-miR-941,hsa-miR-941,hsa-miR-941	2160	695	1064	4838
367	0	gene miRNA|gene::MIR589,FBXL18,FBXL18;miRNA::hsa-miR-589-5p,hsa-miR-589-3p	441	105	174	740
368	0	repeat miRNA gene|repeat::SINE;miRNA::hsa-miR-1304-3p,hsa-miR-1304-5p;gene::MIR1304,TAF1D,TAF1D	6	0	3	2132
369	0	ncrna gene|ncrna::U43;gene::RPL3,SNORD43,RPL3	1000	339	407	962
370	0	gene|gene::SCARNA28,TRRAP,TRRAP	94	29	72	209
371	0	ncrna gene|ncrna::HBII-99;gene::ZFAS1,ZFAS1,SNORD12,ZFAS1,ZFAS1,ZFAS1	553	195	365	341
372	0	ncrna gene|ncrna::U73a;gene::RPS3A,SNORD73A,RPS3A	66	9	52	35
373	0	gene|gene::ACTB	72	49	71	22
374	0	gene miRNA|gene::LINC00461,LINC00461,MIR9-2,LINC00461,LINC00461,LINC00461,LINC00461,LINC00461,LINC00461,LINC00461,LINC00461,LINC00461,LINC00461,LINC00461,LINC00461,LINC00461;miRNA::hsa-miR-9-5p,hsa-miR-9-3p;gene::MIR9-1,C1orf61,C1orf61,C1orf61,C1orf61,C1orf61,C1orf61,C1orf61,C1orf61,C1orf61,C1orf61,C1orf61,C1orf61,C1orf61;miRNA::hsa-miR-9-5p,hsa-miR-9-3p;gene::MIR9-3,MIR9-3HG,MIR9-3HG;miRNA::hsa-miR-9-5p,hsa-miR-9-3p	431	162	951	1929
375	0	gene|gene::RPPH1	16	29	40	11
376	0	gene|gene::ZMYM2,ZMYM2,ZMYM2,ZMYM2,ZMYM2,ZMYM2,ZMYM2,ZMYM2,ZMYM2,ZMYM2,ZMYM2,ZMYM2	22	3	20	676
377	0	ncrna gene|ncrna::SNORD126;gene::CCNB1IP1,SNORD126,CCNB1IP1,CCNB1IP1	197	8	123	163
378	0	gene miRNA|gene::MIR484,NDE1;miRNA::hsa-miR-484	1194	340	252	2451
379	0	repeat|repeat::LTR	4529	1417	131	1910
380	0	tRNA repeat|tRNA::tRNA-Arg-ACG-2-1;repeat::tRNA;tRNA::tRNA-Arg-ACG-2-4;repeat::tRNA	271	69	23	452
381	0	tRNA repeat|tRNA::tRNA-Arg-ACG-1-2;repeat::tRNA	45	20	7	104
382	0	repeat|repeat::snRNA	268	37	31	59
383	0	repeat|repeat::snRNA	164	68	46	196
384	0	ncrna gene|ncrna::mgh18S-121;gene::SNORD4A,RPL23A	477	92	197	232
385	0	ncrna gene|ncrna::U58B;gene::SNORD58B,RPL17,RPL17,RPL17,RPL17,RPL17,RPL17,RPL17,RPL17,RPL17-C18orf32	1259	150	497	1063
386	0	ncrna gene|ncrna::U58A;gene::RPL17,RPL17,RPL17,RPL17,RPL17,RPL17,RPL17-C18orf32,RPL17-C18orf32,SNORD58A,RPL17,RPL17	1615	217	652	1218
387	0	ncrna gene|ncrna::U58C;gene::RPL17,RPL17,RPL17,RPL17,RPL17,RPL17,RPL17-C18orf32,RPL17-C18orf32,SNORD58C,RPL17,RPL17	1333	355	792	20233
388	0	gene miRNA|gene::ATP5MD,MIR1307,ATP5MD,ATP5MD;miRNA::hsa-miR-1307-3p,hsa-miR-1307-5p	1561	542	509	2385
389	0	ncrna gene|ncrna::snR39B;gene::SNORD2,EIF4A2	718	257	407	2140
390	0	ncrna gene|ncrna::U18C;gene::SNORD18C,RPL4	349	38	131	435
391	0	|	28	128	238	21
392	0	gene|gene::MALAT1,MALAT1,MALAT1,TALAM1	15	0	21	0
393	0	gene|gene::RPL28,RPL28,RPL28	12	3	10	21
394	0	ncrna repeat gene|ncrna::U17b;repeat::snRNA;gene::SNORA73B,SNHG3,SNHG3,RCC1,RCC1,RCC1	13	0	24	9
395	0	ncrna repeat gene|ncrna::U17a;repeat::snRNA;gene::SNHG3,SNHG3,RCC1,RCC1,RCC1	81	3	47	75
396	0	tRNA repeat|tRNA::tRNA-Ser-GCT-6-1;repeat::tRNA	609	140	53	258
397	0	tRNA repeat|tRNA::tRNA-Ser-GCT-5-1;repeat::tRNA	31	0	0	9
398	0	tRNA repeat|tRNA::tRNA-Ser-CGA-1-1;repeat::tRNA	68	14	3	31
399	0	tRNA repeat miRNA gene|tRNA::tRNA-Ser-GCT-4-3;repeat::tRNA;miRNA::hsa-miR-4521;gene::MIR4521	159	21	22	69
400	0	tRNA repeat|tRNA::tRNA-Ser-AGA-2-6;repeat::tRNA;gene::CTC1,CTC1;tRNA::tRNA-Ser-AGA-2-1;repeat::tRNA;gene::CTC1,CTC1;tRNA::tRNA-Ser-AGA-2-5;repeat::tRNA;gene::C8orf37-AS1,C8orf37-AS1,C8orf37-AS1,C8orf37-AS1,C8orf37-AS1,C8orf37-AS1,C8orf37-AS1,C8orf37-AS1,C8orf37-AS1;tRNA::tRNA-Ser-AGA-1-1;repeat::tRNA;gene::C8orf37-AS1,C8orf37-AS1,C8orf37-AS1,C8orf37-AS1,C8orf37-AS1,C8orf37-AS1,C8orf37-AS1,C8orf37-AS1,C8orf37-AS1;tRNA::tRNA-Ser-AGA-2-2;repeat::tRNA;gene::C8orf37-AS1,C8orf37-AS1,C8orf37-AS1,C8orf37-AS1,C8orf37-AS1,C8orf37-AS1,C8orf37-AS1,C8orf37-AS1,C8orf37-AS1;tRNA::tRNA-Ser-AGA-2-3;repeat::tRNA;gene::C8orf37-AS1,C8orf37-AS1,C8orf37-AS1,C8orf37-AS1,C8orf37-AS1,C8orf37-AS1,C8orf37-AS1,C8orf37-AS1,C8orf37-AS1;tRNA::tRNA-Ser-AGA-2-4;repeat::tRNA;gene::C8orf37-AS1,C8orf37-AS1,C8orf37-AS1,C8orf37-AS1,C8orf37-AS1,C8orf37-AS1,C8orf37-AS1,C8orf37-AS1,C8orf37-AS1	3601	1435	277	3564
401	0	repeat miRNA gene|repeat::LINE,LINE;miRNA::hsa-miR-582-5p,hsa-miR-582-3p;gene::PDE4D,PDE4D,PDE4D,PDE4D,PDE4D	96	4	48	273
402	0	ncrna gene|ncrna::U54;gene::SNORD54,RPS20,RPS20	61	17	47	80
403	0	ncrna gene|ncrna::HBII-135;gene::LRRC75A-AS1,LRRC75A-AS1,LRRC75A-AS1,LRRC75A-AS1,LRRC75A-AS1,LRRC75A-AS1,LRRC75A-AS1,LRRC75A-AS1,LRRC75A-AS1,LRRC75A-AS1,LRRC75A-AS1,LRRC75A-AS1,LRRC75A-AS1,LRRC75A-AS1,LRRC75A-AS1,SNORD65,LRRC75A-AS1,LRRC75A-AS1,LRRC75A-AS1,LRRC75A-AS1,LRRC75A-AS1,LRRC75A-AS1,LRRC75A-AS1,LRRC75A-AS1,LRRC75A-AS1,LRRC75A-AS1,LRRC75A-AS1,LRRC75A-AS1,LRRC75A-AS1,LRRC75A-AS1	90	192	97	177
404	0	repeat|repeat::LTR	908	214	47	481
405	0	|	0	0	691	0
406	0	gene miRNA|gene::MIR335,MEST,MEST,MEST,MEST,MEST,MEST;miRNA::hsa-miR-335-5p,hsa-miR-335-3p	181	0	166	254
407	0	gene|gene::DDX39B,ATP6V1G2-DDX39B,DDX39B,SNORD117,DDX39B;gene::SNORD117,DDX39B,DDX39B,ATP6V1G2-DDX39B,DDX39B;gene::SNORD117,DDX39B,DDX39B,ATP6V1G2-DDX39B,DDX39B;gene::ATP6V1G2-DDX39B,DDX39B,SNORD117,DDX39B,DDX39B;gene::SNORD117,DDX39B,DDX39B,ATP6V1G2-DDX39B,DDX39B;gene::DDX39B,DDX39B,ATP6V1G2-DDX39B,DDX39B,SNORD117;gene::DDX39B,SNORD117,DDX39B,DDX39B,ATP6V1G2-DDX39B;gene::SNORD117,DDX39B,DDX39B,ATP6V1G2-DDX39B,DDX39B;ncrna::U83	47	12	32	54
408	0	repeat miRNA gene|repeat::LINE;miRNA::hsa-miR-625-3p,hsa-miR-625-5p;gene::MIR625,FUT8,FUT8,FUT8,FUT8,FUT8;repeat::LINE;miRNA::hsa-miR-625-5p,hsa-miR-625-3p;gene::MIR625,FUT8,FUT8,FUT8,FUT8,FUT8	350	86	55	278
409	0	gene miRNA|gene::MIR221;miRNA::hsa-miR-221-5p,hsa-miR-221-3p	6461	514	784	4217
410	0	ncrna gene|ncrna::U56;gene::NOP56,SNORD56,NOP56,NOP56	31	3	21	17
411	0	ncrna gene|ncrna::U46;gene::SNORD46,RPS8	370	72	143	266
412	0	ncrna gene|ncrna::ACA62;gene::SNORA50C	197	60	115	46
413	0	ncrna gene|ncrna::U83B;gene::RPL3,RPL3,SNORD83B	182	29	33	112
414	0	ncrna gene|ncrna::U83A;gene::SNORD83A,RPL3,RPL3	118	13	14	108
415	0	gene miRNA|gene::MIR26B,CTDSP1,CTDSP1,CTDSP1;miRNA::hsa-miR-26b-5p,hsa-miR-26b-3p	4485	1105	1696	7580
416	0	gene miRNA|gene::MIR182;miRNA::hsa-miR-182-5p	1067	314	1184	1692
417	0	gene miRNA|gene::MAP2K4,MAP2K4,MIR744;miRNA::hsa-miR-744-5p	289	86	126	347
418	0	gene|gene::RMRP	503	240	289	487
419	0	gene|gene::CTSH,CTSH	62	6	25	34
420	0	gene|gene::LOC100507412,RNA45SN5,RNA45SN1,RNA45SN4,RNA45SN2,RNA45SN3	374	183	237	78
421	0	ncrna gene|ncrna::HBII-166;gene::SNORD67,CKAP5,CKAP5	52	16	10	3
422	0	gene|gene::MALAT1,MALAT1,MALAT1,TALAM1	19	19	81	19
423	0	gene|gene::LOC101929596;gene::RPLP0,RPLP0	31	14	36	14
424	0	gene|gene::LOC100507412,RNA45SN5,RNA45SN1,RNA45SN4,RNA45SN2,RNA45SN3;gene::LOC100507412,RNA45SN5,RNA45SN1,RNA45SN4,RNA45SN2,RNA45SN3	33	34	50	3
425	0	ncrna gene|ncrna::U38B;gene::SNORD38B,RPS8	211	24	61	325
426	0	gene miRNA|gene::MIR17HG,MIR17HG,MIR18A;miRNA::hsa-miR-18a-3p,hsa-miR-18a-5p	264	103	91	413
427	0	gene miRNA|gene::MIR1301,DNMT3A,DNMT3A,DNMT3A,DNMT3A,DNMT3A;miRNA::hsa-miR-1301-3p	82	16	24	136
428	0	gene miRNA|gene::SIDT1,SIDT1,SIDT1,SIDT1,SIDT1,SIDT1,SIDT1,SIDT1,SIDT1,SIDT1,SIDT1,SIDT1,SIDT1,MIR4446,SIDT1,SIDT1;miRNA::hsa-miR-4446-5p,hsa-miR-4446-3p	59	9	20	79
429	0	gene miRNA|gene::MIR148A;miRNA::hsa-miR-148a-5p,hsa-miR-148a-3p	179780	18610	34489	406494
430	0	gene miRNA|gene::MIR33A,SREBF2,SREBF2;miRNA::hsa-miR-33a-5p,hsa-miR-33a-3p	48	6	3	64
431	0	gene miRNA|gene::MCM7,MCM7,MCM7,MIR93;miRNA::hsa-miR-93-5p,hsa-miR-93-3p	4652	727	1706	5904
432	0	|	3	11	28	24
433	0	gene miRNA|gene::MIRLET7F1;miRNA::hsa-let-7f-5p;gene::MIRLET7F2,HUWE1;miRNA::hsa-let-7f-5p	79470	16470	34439	103101
434	0	tRNA repeat|tRNA::tRNA-Thr-TGT-1-1;repeat::tRNA	65	0	3	33
435	0	tRNA repeat|tRNA::tRNA-Thr-AGT-5-1;repeat::tRNA	193	13	129	156
436	0	tRNA repeat gene|tRNA::tRNA-Thr-CGT-3-1;repeat::tRNA;gene::LINC00533;tRNA::tRNA-Thr-CGT-3-1;repeat::tRNA;gene::LINC00533	285	58	72	288
437	0	tRNA repeat|tRNA::tRNA-Thr-AGT-1-3;repeat::tRNA	399	165	161	733
438	0	ncrna gene|ncrna::Z17B;gene::SNORD4B,RPL23A	145	9	60	152
439	0	ncrna gene|ncrna::mgU2-25/61,HBII-382;gene::SCARNA2	85	9	21	178
440	0	repeat|repeat::scRNA	746	287	492	1331
441	0	gene|gene::RPL4;gene::RPL4;gene::MAP3K13,MAP3K13,MAP3K13	12	0	17	28
442	0	gene miRNA|gene::VMP1,VMP1,VMP1,MIR21,VMP1,VMP1,VMP1,VMP1,VMP1,VMP1,VMP1;miRNA::hsa-miR-21-5p,hsa-miR-21-3p	114163	23634	29511	169586
443	0	gene|gene::EEF1A1	28	11	36	32
444	0	repeat miRNA gene|repeat::LINE;miRNA::hsa-miR-421;gene::MIR421,FTX	292	49	120	593
445	0	gene miRNA|gene::MIR19B2;miRNA::hsa-miR-19b-3p;gene::MIR17HG,MIR17HG,MIR19B1;miRNA::hsa-miR-19b-1-5p,hsa-miR-19b-3p	3072	956	993	3236
446	0	tRNA repeat|tRNA::tRNA-Met-CAT-1-1;repeat::tRNA	52	4	0	1023
447	0	repeat|repeat::tRNA;tRNA::tRNA-Met-CAT-3-1;repeat::tRNA;tRNA::tRNA-Met-CAT-3-1;repeat::tRNA;tRNA::tRNA-Met-CAT-3-1;repeat::tRNA;tRNA::tRNA-Met-CAT-3-1;repeat::tRNA;tRNA::tRNA-Met-CAT-3-1;repeat::tRNA;tRNA::tRNA-Met-CAT-3-1;repeat::tRNA;tRNA::tRNA-Met-CAT-3-2;repeat::tRNA;tRNA::tRNA-Met-CAT-3-2;repeat::tRNA;tRNA::tRNA-Met-CAT-3-2;repeat::tRNA;tRNA::tRNA-Met-CAT-3-2;repeat::tRNA	92	59	94	686
448	0	ncrna gene|ncrna::U80;gene::GAS5,GAS5,GAS5,GAS5,GAS5,GAS5,GAS5,GAS5,GAS5,GAS5,GAS5,GAS5,GAS5,GAS5,GAS5,SNORD80	676	139	319	91
449	0	tRNA repeat|tRNA::tRNA-Ile-TAT-2-3;repeat::tRNA	279	88	57	340
450	0	tRNA repeat|tRNA::tRNA-Ile-TAT-2-1;repeat::tRNA	165	46	43	117
451	0	gene miRNA|gene::SKA2,MIR301A,SKA2,SKA2;miRNA::hsa-miR-301a-3p,hsa-miR-301a-5p	468	73	166	871
452	0	tRNA repeat|tRNA::tRNA-iMet-CAT-1-2;repeat::tRNA;tRNA::tRNA-iMet-CAT-1-3;repeat::tRNA;tRNA::tRNA-iMet-CAT-1-7;repeat::tRNA;tRNA::tRNA-iMet-CAT-1-4;repeat::tRNA;tRNA::tRNA-iMet-CAT-1-5;repeat::tRNA;tRNA::tRNA-iMet-CAT-1-8;repeat::tRNA;tRNA::tRNA-iMet-CAT-1-1;repeat::tRNA;tRNA::tRNA-iMet-CAT-1-6;repeat::tRNA	464	61	75	1698
453	0	|	9	61	128	9
454	0	gene miRNA|gene::MIR23B,C9orf3,C9orf3;miRNA::hsa-miR-23b-3p	169	45	44	284
455	0	gene miRNA|gene::MIR23A;miRNA::hsa-miR-23a-5p,hsa-miR-23a-3p	1176	501	573	1683
456	0	repeat gene|repeat::Low_complexity;gene::LARP4,LARP4,LARP4,LARP4,LARP4,LARP4,LARP4,LARP4,LARP4,LARP4,LARP4,LARP4,LARP4,LARP4,SNORD133,LARP4,LARP4,LARP4,LARP4,LARP4,LARP4,LARP4,LARP4,LARP4,LARP4,LARP4,LARP4,LARP4,LARP4	28	0	3	26
457	0	gene miRNA|gene::MIR17HG,MIR17HG,MIR17;miRNA::hsa-miR-17-5p,hsa-miR-17-3p	3877	811	1371	4696
458	0	gene miRNA|gene::MIR106A;miRNA::hsa-miR-106a-5p,hsa-miR-106a-3p	107	11	11	260
459	0	|	4	52	84	6
460	0	ncrna gene|ncrna::U66;gene::RPL5,RPL5,FAM69A,SNORA66	54	0	21	9
461	0	repeat gene|repeat::Simple_repeat;gene::EIF4A3	48	0	0	20
462	0	gene|gene::RMRP	555	265	560	105
463	0	gene|gene::MALAT1,MALAT1,TALAM1,MALAT1	5	0	31	20
464	0	ncrna gene|ncrna::U65;gene::SNORA65,RPL12	51	3	8	83
465	0	gene|gene::HPS4,HPS4,HPS4,HPS4,HPS4,HPS4,HPS4,HPS4,HPS4,HPS4,HPS4,HPS4,HPS4,HPS4,HPS4,HPS4,HPS4,HPS4,HPS4	203	3	53	1056
466	0	gene|gene::LOC100507412,RNA45SN5,RNA45SN1,RNA45SN4,RNA45SN2,RNA45SN3;gene::LOC100507412,RNA45SN5,RNA45SN1,RNA45SN4,RNA45SN2,RNA45SN3	31	35	84	25
467	0	gene miRNA|gene::SPACA6P-AS,SPACA6,MIR99B;miRNA::hsa-miR-99b-5p	55	25	206	140
468	0	gene miRNA|gene::MIR138-1;miRNA::hsa-miR-138-5p,hsa-miR-138-1-3p	26	589	364	324
469	0	gene miRNA|gene::MIR98,HUWE1;miRNA::hsa-miR-98-5p	10395	2132	4959	29369
470	0	gene|gene::EEF1A1	17	6	24	10
471	0	tRNA repeat|tRNA::tRNA-Val-TAC-1-2;repeat::tRNA	171	79	27	326
472	0	tRNA repeat|tRNA::tRNA-Val-TAC-1-1;repeat::tRNA;tRNA::tRNA-Val-TAC-2-1;repeat::tRNA	570	117	78	194
473	0	gene miRNA|gene::MIR25,MCM7,MCM7,MCM7;miRNA::hsa-miR-25-3p,hsa-miR-25-5p	19206	2884	5651	18608
474	0	gene|gene::POTEE;gene::POTEI;gene::POTEJ	36	17	26	20
475	0	gene|gene::SNORD135,TNPO2,TNPO2,TNPO2	381	124	180	398
476	0	tRNA repeat|tRNA::tRNA-Thr-TGT-4-1;repeat::tRNA	134	26	14	124
477	0	tRNA repeat|tRNA::tRNA-Asn-GTT-2-5;repeat::tRNA,Simple_repeat;tRNA::tRNA-Asn-GTT-3-2;repeat::tRNA;gene::NBPF25P;tRNA::tRNA-Asn-GTT-2-1;repeat::tRNA;gene::NBPF26,NBPF19;tRNA::tRNA-Asn-GTT-2-3;repeat::tRNA;gene::NBPF26,NBPF19;tRNA::tRNA-Asn-GTT-3-1;repeat::tRNA;gene::NBPF25P	469	142	74	734
478	0	ncrna gene|ncrna::U75;gene::SNORD75,GAS5,GAS5,GAS5,GAS5,GAS5,GAS5,GAS5,GAS5,GAS5,GAS5,GAS5,GAS5,GAS5,GAS5,GAS5	1236	217	463	1183
479	0	|	65	54	25	114
480	0	gene miRNA|gene::MIR222;miRNA::hsa-miR-222-5p,hsa-miR-222-3p	5319	455	665	3048
481	0	repeat gene|repeat::LINE;gene::UBXN2B,UBXN2B	259	3	63	75
482	0	gene miRNA|gene::CLCN5,CLCN5,MIR532,CLCN5;miRNA::hsa-miR-532-5p,hsa-miR-532-3p	1206	407	427	1998
483	0	gene miRNA|gene::MIR22HG,MIR22,MIR22HG,MIR22HG,MIR22HG;miRNA::hsa-miR-22-5p,hsa-miR-22-3p	7928	2523	3824	19266
484	0	ncrna gene|ncrna::HBII-99B;gene::ZFAS1,ZFAS1,SNORD12B,ZFAS1,ZFAS1,ZFAS1	292	57	302	461
485	0	ncrna gene|ncrna::U97;gene::SNORD97,EIF4G2,EIF4G2,EIF4G2	17	0	3	83
486	0	ncrna gene|ncrna::U38A;gene::SNORD38A,RPS8	381	77	137	440
487	0	ncrna gene|ncrna::U45C;gene::RABGGTB,SNORD45C,RABGGTB	128	20	49	353
488	0	ncrna gene|ncrna::U45A;gene::RABGGTB,SNORD45A,RABGGTB	4967	780	3370	2940
489	0	repeat gene|repeat::snRNA;gene::HSPA8,HSPA8	1453	478	843	790
490	0	repeat gene|repeat::snRNA;gene::HSPA8,HSPA8	665	94	114	519
491	0	repeat gene|repeat::snRNA;gene::HSPA8,HSPA8	3124	947	1089	1033
492	0	ncrna gene|ncrna::U24;gene::SNORD24,RPL7A	2233	442	1232	560
493	0	tRNA repeat|tRNA::tRNA-Ser-TGA-1-1;repeat::tRNA	2085	695	490	1127
494	0	repeat gene|repeat::SINE;gene::LINC01347;repeat::SINE;gene::LINC01347;repeat::SINE;gene::LOC100288069;repeat::SINE;gene::LOC100288069	39	3	6	31
495	0	repeat miRNA gene|repeat::LINE,LINE;miRNA::hsa-miR-28-5p,hsa-miR-28-3p;gene::MIR28,LPP,LPP,LPP	338	111	301	941
496	0	ncrna gene|ncrna::HBII-55;gene::NOP56,SNORD110,NOP56,NOP56	594	157	316	289
497	0	ncrna gene|ncrna::U44;gene::SNORD44,GAS5,GAS5,GAS5,GAS5,GAS5,GAS5,GAS5,GAS5,GAS5,GAS5,GAS5,GAS5,GAS5,GAS5,GAS5	8342	1512	4223	21783
498	0	repeat miRNA gene|repeat::Simple_repeat;miRNA::hsa-miR-574-5p,hsa-miR-574-3p;gene::FAM114A1,FAM114A1,FAM114A1,FAM114A1,FAM114A1,FAM114A1,MIR574,FAM114A1,FAM114A1	156	107	129	305
499	0	ncrna gene|ncrna::U101;gene::RPS12,SNORD101	523	43	224	695
500	0	gene miRNA|gene::MIR7-1,HNRNPK,HNRNPK,HNRNPK,HNRNPK,HNRNPK,HNRNPK;miRNA::hsa-miR-7-5p,hsa-miR-7-1-3p	196	60	86	392
501	0	|	13	20	41	36
502	0	gene|gene::SNORD136,GNL3,GNL3,GNL3	1634	85	325	1248
503	0	|	306	125	62	2090
504	0	ncrna gene|ncrna::HBII-316;gene::WDR43,SNORD92	2337	282	694	656
505	0	gene|gene::CCSER1;gene::TMSB4X	50	16	50	15
506	0	gene|gene::PCBD2	0	0	13	723
507	0	|	9	28	14	98
508	0	gene|gene::NSMAF,NSMAF	745	144	260	1190
509	0	repeat|tRNA::tRNA-Leu-AAG-2-2;repeat::tRNA;tRNA::tRNA-Leu-AAG-2-2;repeat::tRNA;tRNA::tRNA-Leu-AAG-2-2;repeat::tRNA;tRNA::tRNA-Leu-AAG-2-2;repeat::tRNA;tRNA::tRNA-Leu-AAG-3-1;repeat::tRNA;tRNA::tRNA-Leu-AAG-3-1;repeat::tRNA;tRNA::tRNA-Leu-AAG-3-1;repeat::tRNA;tRNA::tRNA-Leu-AAG-3-1;repeat::tRNA;tRNA::tRNA-Leu-AAG-2-1;repeat::tRNA;tRNA::tRNA-Leu-AAG-2-1;repeat::tRNA;tRNA::tRNA-Leu-AAG-2-1;repeat::tRNA;tRNA::tRNA-Leu-AAG-2-1;repeat::tRNA;tRNA::tRNA-Leu-AAG-2-1;repeat::tRNA;tRNA::tRNA-Leu-AAG-2-4;repeat::tRNA;tRNA::tRNA-Leu-AAG-2-4;repeat::tRNA;tRNA::tRNA-Leu-AAG-2-3;repeat::tRNA	158	47	27	42
510	0	tRNA repeat|tRNA::tRNA-Leu-CAG-2-2;repeat::tRNA	77	4	0	9
511	0	tRNA repeat|tRNA::tRNA-Leu-CAG-2-1;repeat::tRNA;tRNA::tRNA-Leu-CAG-1-6;repeat::tRNA;tRNA::tRNA-Leu-CAG-1-7;repeat::tRNA;tRNA::tRNA-Leu-CAG-1-1;repeat::tRNA;tRNA::tRNA-Leu-CAG-1-2;repeat::tRNA;tRNA::tRNA-Leu-CAG-1-3;repeat::tRNA;tRNA::tRNA-Leu-CAG-1-4;repeat::tRNA;tRNA::tRNA-Leu-CAG-1-5;repeat::tRNA	2249	343	522	1335
512	0	tRNA repeat|tRNA::tRNA-Leu-CAA-4-1;repeat::tRNA	2364	387	251	802
513	0	repeat|tRNA::tRNA-Leu-CAA-1-2;repeat::tRNA;tRNA::tRNA-Leu-CAA-1-2;repeat::tRNA;tRNA::tRNA-Leu-CAA-1-2;repeat::tRNA;tRNA::tRNA-Leu-CAA-1-2;repeat::tRNA;tRNA::tRNA-Leu-CAA-1-2;repeat::tRNA;tRNA::tRNA-Leu-CAA-1-2;repeat::tRNA	43	3	4	41
514	0	gene miRNA|gene::MIR152,COPZ2;miRNA::hsa-miR-152-3p,hsa-miR-152-5p	145	41	77	92
515	0	ncrna gene|ncrna::U76;gene::GAS5,GAS5,GAS5,SNORD76,GAS5,GAS5,GAS5,GAS5,GAS5,GAS5,GAS5,GAS5,GAS5,GAS5,GAS5,GAS5	312	36	166	262
516	0	ncrna gene|ncrna::HBII-13;gene::SNORD64,PWAR5,SNHG14	61	0	17	30
517	0	gene miRNA|gene::MIR29A;miRNA::hsa-miR-29a-3p,hsa-miR-29a-5p	8229	2042	2527	7133
518	0	gene|gene::LOC100507412,RNA45SN5,RNA45SN1,RNA45SN4,RNA45SN2,RNA45SN3;gene::LOC100507412,RNA45SN5,RNA45SN1,RNA45SN4,RNA45SN2,RNA45SN3	73	92	136	13
519	0	tRNA repeat|tRNA::tRNA-SeC-TCA-1-1;repeat::tRNA	102	10	11	175
520	0	repeat gene|repeat::Low_complexity,Simple_repeat;repeat::Low_complexity,Simple_repeat;gene::LOC100507412,RNA45SN5,RNA45SN1,RNA45SN4,RNA45SN2,RNA45SN3	38	10	0	15
521	0	gene|gene::PFKL,PFKL	16	0	0	586
522	0	gene ncrna|gene::C6orf48,C6orf48,C6orf48,C6orf48,SNORD52,C6orf48,C6orf48,C6orf48,C6orf48,C6orf48;gene::C6orf48,C6orf48,C6orf48,C6orf48,C6orf48,C6orf48,SNORD52,C6orf48,C6orf48,C6orf48;ncrna::U52;gene::SNORD52,C6orf48,C6orf48,C6orf48,C6orf48,C6orf48,C6orf48,C6orf48,C6orf48,C6orf48;ncrna::U52;gene::C6orf48,C6orf48,C6orf48,SNORD52,C6orf48,C6orf48,C6orf48,C6orf48,C6orf48,C6orf48;ncrna::U52;gene::C6orf48,C6orf48,C6orf48,C6orf48,C6orf48,C6orf48,SNORD52,C6orf48,C6orf48,C6orf48;ncrna::U52	1032	241	608	1395
523	0	|	15834	3415	5173	19435
524	0	gene|gene::TMEM161B,TMEM161B,TMEM161B,TMEM161B,TMEM161B,TMEM161B,TMEM161B,TMEM161B,TMEM161B	328	19	58	133
525	0	ncrna gene|ncrna::U105;gene::PPAN-P2RY11,PPAN-P2RY11,PPAN,SNORD105,PPAN,PPAN,PPAN	350	91	202	245
526	0	|	18	117	156	17
527	0	repeat|repeat::LINE	1086	192	289	1766
528	0	gene|gene::RNR2	83	14	4	0
529	0	|	6	6	3	25
530	0	gene miRNA|gene::MIR130A;miRNA::hsa-miR-130a-3p	760	115	329	495
531	0	repeat gene|repeat::DNA,Simple_repeat;gene::LOC100507412,RNA45SN5,RNA45SN1,RNA45SN4,RNA45SN2,RNA45SN3;repeat::DNA,Simple_repeat;gene::LOC100507412,RNA45SN5,RNA45SN1,RNA45SN4,RNA45SN2,RNA45SN3	402	174	343	447
532	0	gene miRNA|gene::MIR181A1,MIR181A1HG;miRNA::hsa-miR-181a-5p,hsa-miR-181a-3p;gene::NR6A1,NR6A1,NR6A1,MIR181A2,MIR181A2HG;miRNA::hsa-miR-181a-5p,hsa-miR-181a-2-3p	170688	48401	123620	61233
533	0	repeat gene|repeat::LTR;gene::LINC02328	564	128	180	729
534	0	|	16	29	57	12
535	0	gene miRNA|gene::CARMN,MIR143,CARMN;miRNA::hsa-miR-143-3p	115	87	748	898
536	0	gene miRNA|gene::MIR7706,AKAP13,AKAP13;miRNA::hsa-miR-7706	976	138	504	1089
537	0	|	107	237	369	38
538	0	ncrna gene|ncrna::ACA3;gene::SNORA3A,RPL27A	108	40	25	30
539	0	gene miRNA|gene::MIR15A,DLEU2,DLEU2,DLEU2,DLEU2,DLEU2,DLEU2,DLEU2;miRNA::hsa-miR-15a-5p,hsa-miR-15a-3p	1765	400	473	1488
540	0	gene miRNA|gene::MIR29C,MIR29B2CHG,MIR29B2CHG;miRNA::hsa-miR-29c-5p,hsa-miR-29c-3p	385	92	139	797
541	0	gene miRNA|gene::MIR29B1;miRNA::hsa-miR-29b-3p,hsa-miR-29b-1-5p	263	123	74	271
542	0	ncrna gene|ncrna::U15B;gene::SNORD15B,RPS3,RPS3,RPS3,RPS3	20	3	14	23
543	0	ncrna gene|ncrna::U15A;gene::SNORD15A,RPS3,RPS3,RPS3,RPS3	48	0	27	310
544	0	ncrna gene|ncrna::U96a;gene::RACK1,SNORD96A	636	156	437	154
545	0	gene miRNA|gene::MIR183;miRNA::hsa-miR-183-5p	101	21	171	401
546	0	tRNA repeat|tRNA::tRNA-Arg-TCG-2-1;repeat::tRNA	428	97	25	142
547	0	tRNA repeat|tRNA::tRNA-Arg-TCG-1-1;repeat::tRNA	47	21	5	234
548	0	tRNA repeat gene|tRNA::tRNA-Arg-TCG-3-1;repeat::tRNA;gene::KCTD2	106	16	23	1108
549	0	tRNA repeat|tRNA::tRNA-Arg-CCG-1-3;repeat::tRNA	63	12	14	167
550	0	ncrna gene|ncrna::snR38A;gene::SNORD1A,SNHG16,SNHG16,SNHG16,SNHG16	427	33	165	160
551	0	gene|gene::ACTB	124	24	130	46
552	0	repeat gene|repeat::Low_complexity;repeat::Low_complexity;gene::RNA45SN4,RNA45SN2,RNA45SN3,LOC100507412,RNA45SN5,RNA45SN1	177	136	16	182
553	0	gene miRNA|gene::MIR101-1,JAK1,JAK1,JAK1;miRNA::hsa-miR-101-3p;gene::MIR101-2,RCL1,RCL1,RCL1,RCL1;miRNA::hsa-miR-101-3p	2114	692	796	2918
554	0	gene|gene::DNMBP-AS1,DNMBP,DNMBP	255	155	157	565
555	0	ncrna gene|ncrna::HBII-239;gene::SNORD71,AP1G1,AP1G1	167	17	81	76
556	0	gene|gene::RPL34,RPL34,RPL34,RPL34,RPL34,RPL34	518	152	166	205
557	0	repeat miRNA gene|repeat::SINE;miRNA::hsa-miR-330-5p,hsa-miR-330-3p;gene::EML2,EML2,EML2,EML2,EML2,EML2,EML2,EML2,EML2,EML2,EML2,MIR330,EML2	299	42	122	349
558	0	|	1428	3885	2442	1109
559	0	|	1460	1860	1536	1893
560	0	repeat gene|repeat::SINE;gene::PTPRD	48	31	59	76
561	0	gene|gene::GRB2,GRB2	4	0	3	283
562	0	gene miRNA|gene::MIRLET7G,WDR82;miRNA::hsa-let-7g-5p	18600	4234	7793	17338
563	0	gene miRNA|gene::MIR191,NDUFAF3,DALRD3;miRNA::hsa-miR-191-5p,hsa-miR-191-3p	144818	32483	80125	337778
564	0	repeat|repeat::tRNA	1679	2137	2685	916
565	0	|	398	12	104	424
566	0	gene miRNA|gene::MIR146A,MIR3142HG;miRNA::hsa-miR-146a-5p,hsa-miR-146a-3p	213523	61485	103190	209461
567	0	repeat gene|repeat::LTR;gene::ZC3H13,ZC3H13,ZC3H13,ZC3H13,ZC3H13,ZC3H13	29	0	8	590
568	0	gene|gene::LOC100507412,RNA45SN5,RNA45SN1,RNA45SN4,RNA45SN2,RNA45SN3;gene::LOC100507412,RNA45SN5,RNA45SN1,RNA45SN4,RNA45SN2,RNA45SN3	40	10	22	3
569	0	ncrna gene|ncrna::HBII-82;gene::SNORD111,SF3B3	187	6	67	50
570	0	ncrna gene|ncrna::U63;gene::SNORD63,HSPA9	78	10	49	47
571	0	ncrna gene|ncrna::HBII-419;gene::SNORD98,CCAR1,CCAR1,CCAR1,CCAR1	206	52	100	303
572	0	repeat|repeat::LINE	1781	608	398	2753
573	0	ncrna gene|ncrna::U89;gene::PHB2,PHB2,SCARNA12	68	11	60	22
574	0	|	12	32	123	0
575	0	ncrna gene|ncrna::U31;gene::SNHG1,SNHG1,SNHG1,SNHG1,SNHG1,SNHG1,SNHG1,SNHG1,SNORD31,SNHG1,SNHG1,SNHG1,SNHG1	3444	281	875	2544
576	0	tRNA repeat gene|tRNA::tRNA-Ala-AGC-3-1;repeat::tRNA;gene::ZBED9;tRNA::tRNA-Ala-AGC-3-1;repeat::tRNA;gene::ZBED9	4416	1497	616	2177
577	0	repeat|repeat::tRNA;repeat::tRNA;repeat::tRNA;repeat::tRNA;repeat::tRNA;repeat::tRNA;tRNA::tRNA-Ala-AGC-2-1;repeat::tRNA;tRNA::tRNA-Ala-AGC-2-1;repeat::tRNA;tRNA::tRNA-Ala-AGC-2-1;repeat::tRNA;tRNA::tRNA-Ala-AGC-2-1;repeat::tRNA;tRNA::tRNA-Ala-AGC-2-1;repeat::tRNA;tRNA::tRNA-Ala-AGC-2-1;repeat::tRNA;tRNA::tRNA-Ala-AGC-2-1;repeat::tRNA;tRNA::tRNA-Ala-AGC-2-1;repeat::tRNA;tRNA::tRNA-Ala-AGC-2-1;repeat::tRNA;tRNA::tRNA-Ala-AGC-7-1;repeat::tRNA;tRNA::tRNA-Ala-AGC-7-1;repeat::tRNA;tRNA::tRNA-Ala-AGC-2-2;repeat::tRNA;tRNA::tRNA-Ala-AGC-2-2;repeat::tRNA	20	0	5	245
578	0	tRNA repeat|tRNA::tRNA-Ala-TGC-4-1;repeat::tRNA	426	51	257	1487
579	0	tRNA repeat|tRNA::tRNA-Ala-TGC-3-2;repeat::tRNA	34	0	0	265
580	0	tRNA repeat|tRNA::tRNA-Ala-CGC-2-1;repeat::tRNA;tRNA::tRNA-Ala-CGC-2-1;repeat::tRNA	537	129	71	856
581	0	tRNA repeat|tRNA::tRNA-Ala-AGC-4-1;repeat::tRNA;tRNA::tRNA-Ala-AGC-4-1;repeat::tRNA	39	6	0	19
582	0	tRNA repeat|tRNA::tRNA-Cys-GCA-2-3;repeat::tRNA;tRNA::tRNA-Cys-GCA-2-4;repeat::tRNA	392	48	224	1106
583	0	ncrna gene|ncrna::U64;gene::SNORA64,RPS2	76	16	16	5
584	0	repeat gene|repeat::Simple_repeat;repeat::SINE;gene::TNS3	592	244	50	111
585	0	gene|gene::GAPDH,GAPDH,GAPDH,GAPDH,GAPDH,GAPDH;gene::PPP5D1;gene::PPP5D1;gene::TASP1,TASP1,TASP1,TASP1,TASP1,TASP1,TASP1,TASP1	39	3	37	6
586	0	gene|gene::TUBA1A,TUBA1A,TUBA1A;gene::TUBA1B;gene::TUBA1C,TUBA1C,TUBA1C,TUBA1C,TUBA1C;gene::DISC1FP1	14	3	42	16
587	0	gene|gene::B2M	10	0	6	16
588	0	ncrna gene|ncrna::U71d;gene::SNHG17,SNORA71D,SNHG17,SNHG17,SNHG17,SNHG17,SNHG17,SNHG17,SNHG17,SNHG17,SNHG17,SNHG17,SNHG17,SNHG17,SNHG17	78	6	18	58
589	0	ncrna gene|ncrna::U25;gene::SNORD25,SNHG1,SNHG1,SNHG1,SNHG1,SNHG1,SNHG1,SNHG1,SNHG1,SNHG1,SNHG1,SNHG1,SNHG1	2661	741	1542	1701
590	0	ncrna gene|ncrna::U59B;gene::SNORD59B,ATP5F1B	53	21	9	60
591	0	ncrna gene|ncrna::U59A;gene::SNORD59A,ATP5F1B	55	6	66	62
592	0	|	32	58	110	54
593	0	ncrna gene|ncrna::U33;gene::SNORD33,RPL13A,RPL13A,RPL13A,RPL13AP5	4501	923	1666	2400
594	0	ncrna gene|ncrna::U93;gene::SNHG10,SNHG10,SCARNA13	122	38	78	115
595	0	ncrna gene|ncrna::U78;gene::SNORD78,GAS5,GAS5,GAS5,GAS5,GAS5,GAS5,GAS5,GAS5,GAS5,GAS5,GAS5,GAS5,GAS5,GAS5,GAS5	4746	728	1898	11544
596	0	|	38	217	341	56
597	0	repeat|repeat::tRNA	54	15	11	859
598	0	tRNA repeat gene|tRNA::tRNA-Glu-TTC-4-1;repeat::tRNA;gene::LOC440570,LINC01783;tRNA::tRNA-Glu-TTC-3-1;repeat::tRNA;gene::LOC440570;tRNA::tRNA-Glu-TTC-4-2;repeat::tRNA;gene::LOC440570	90	23	33	1039
599	0	repeat|repeat::tRNA;repeat::tRNA;tRNA::tRNA-Glu-CTC-1-2;repeat::tRNA;tRNA::tRNA-Glu-CTC-1-6;repeat::tRNA;tRNA::tRNA-Glu-CTC-1-6;repeat::tRNA;tRNA::tRNA-Glu-CTC-1-1;repeat::tRNA;gene::NBPF20,NBPF19,NBPF10,NBPF10;tRNA::tRNA-Glu-CTC-1-3;repeat::tRNA;gene::NBPF20,NBPF19,NBPF10,NBPF10;tRNA::tRNA-Glu-CTC-1-7;repeat::tRNA;gene::NBPF20,NBPF19,NBPF10,NBPF10;tRNA::tRNA-Glu-CTC-1-7;repeat::tRNA;gene::NBPF20,NBPF19,NBPF10,NBPF10;tRNA::tRNA-Glu-CTC-1-4;repeat::tRNA;gene::NBPF20,NBPF19,NBPF10,NBPF10;tRNA::tRNA-Glu-CTC-1-4;repeat::tRNA;gene::NBPF20,NBPF19,NBPF10,NBPF10;tRNA::tRNA-Glu-CTC-1-5;repeat::tRNA;gene::NBPF20,NBPF19,NBPF10,NBPF10;tRNA::tRNA-Glu-CTC-1-5;repeat::tRNA;gene::NBPF20,NBPF19,NBPF10,NBPF10;tRNA::tRNA-Glu-CTC-2-1;repeat::tRNA;gene::NBPF20,NBPF19,NBPF10,NBPF10	2908	546	2378	26194
600	0	gene|gene::MIR6724-1,MIR6724-2,MIR6724-3,MIR6724-4;gene::MIR6724-1,MIR6724-2,MIR6724-3,MIR6724-4,LOC100507412	46	0	3	61
601	0	gene miRNA|gene::MIR193BHG,MIR193BHG,MIR365A;miRNA::hsa-miR-365a-3p,hsa-miR-365a-5p	632	233	451	930
602	0	gene miRNA|gene::MIR146B;miRNA::hsa-miR-146b-5p,hsa-miR-146b-3p	103881	17103	29671	95799
